2499.00,【至高优惠1000元】K60 骁龙8+ 超清相机 长续航,自营
1299.00,OPPO K10x 极光 8GB+128GB 67W超级闪充 5000mAh长续航 120Hz高帧屏 6400万三摄 高通骁龙695 拍照 5G,自营
3099.00,OPPO 一加 Ace 2 16GB+256GB 冰河蓝 满血版骁龙®8+旗舰平台 1.5K灵犀触控屏 超帧超画引擎 5G游戏电竞,自营
1199.00,OPPO K9x 8GB+128GB 银紫超梦 天玑810 5000mAh长续航 33W快充 90Hz电竞屏 6400万三摄 拍照5Goppok9x,自营
899.00,OPPO A36 6GB+128GB 晴川蓝 高通骁龙680 5000mAh长续航 90Hz炫彩屏 大内存游戏拍照oppoa36,自营
1999.00,荣耀80 1.6亿像素超清主摄 AI Vlog视频大师 全新Magic OS 7.0系统 5G手机 8GB+256GB 墨玉青,自营
4299.00,小米13 徕卡光学镜头 第二代骁龙8处理器 超窄边屏幕,自营
2299.00,vivo iQOO Neo8 12GB+256GB 夜岩 第一代骁龙8+ 自研芯片V1+ 120W超快闪充 144Hz高刷 5G游戏电竞性能,自营
1099.00,荣耀Play7T 6000mAh 长续航 8.27mm轻薄机身 6.74英寸高刷护眼屏 5G手机 8GB+128GB 钛空银,自营
899.00,Redmi Note 11 5G 天玑810 33W Pro快充 5000mAh大电池 6GB +128GB 浅梦星河 智能 小米 红米,自营
2499.00,荣耀90 2亿像素写真相机 零风险调光护眼屏 5000mAh轻薄长续航 12GB+256GB 冰羽蓝 5G,自营
9899.00,Apple iPhone 14 Pro Max (A2896) 256GB 暗紫色 支持移动联通电信5G 双卡双待手机,自营
7099.00,三星 SAMSUNG Galaxy S23 Ultra,自营
1399.00,荣耀X40 120Hz OLED硬核曲屏 5100mAh 快充大电池 7.9mm轻薄设计 5G手机 6GB+128GB 彩云追月,自营
1599.00,"京品手机
OPPO 一加 Ace 竞速版 12GB+256GB竞技灰享OPPO官方售后 天玑8100-MAX 120Hz变速电竞直屏游戏稳帧引擎5G",自营
1799.00,vivo iQOO Z7 8GB+256GB 原子蓝 120W超快闪充 等效5000mAh强续航 6400万像素 OIS光学防抖 5Giqooz7,自营
1529.00,vivo iQOO Neo7 SE 8GB+256GB 银河 天玑8200 120W超快闪充 120Hz柔性直屏 5G游戏电竞性能,自营
4399.00,vivo iQOO 11 12GB+256GB 赛道版 第二代骁龙8 2K 144Hz E6全感屏 120W闪充 自研芯片V2 5G电竞iqoo11,自营
2199.00,【新品上市】Note12Turbo 性能魔法 旗舰体验,自营
2499.00,realme真我GT Neo5 150W光速秒充 觉醒光环系统 144Hz 1.5K直屏 骁龙8+ 5G芯 12GB+256GB 圣境白 5G,自营
1299.00,realme真我10 Pro+ 2160Hz旗舰曲面屏* 天玑1080旗舰芯 一亿像素街拍相机 8GB+256GB 星曜之光 5G,自营
2499.00,OPPO Reno9 8GB+256GB 微醺 6400万水光人像镜头 120Hz OLED超清曲面屏 4500mAh大电池 7.19mm轻薄 5G,自营
1699.00,Redmi K60E 天玑8200处理器 2K旗舰直屏 OIS光学防抖相机 5500mAh长续航67W充电 12GB+256GB 墨羽 小米红米5G,自营
4399.00,OPPO 一加 11 16GB+256GB 一瞬青 第二代骁龙 8 哈苏影像拍照 2K + 120Hz 高刷屏 游戏电竞5G旗舰,自营
3799.00,三星 SAMSUNG Galaxy S23 超视觉夜拍 可持续性设计 超亮全视护眼屏 8GB+128GB 悠柔白 5G,自营
2199.00,Redmi Note 12 Turbo 5G 第二代骁龙7+ 超细四窄边OLED直屏 6400万像素 12GB+512GB碳纤黑 智能 小米红米,自营
3199.00,魅族 20 12GB+256GB 先锋灰 第二代骁龙8旗舰芯片 144Hz电竞直屏 支持67W快充 超薄机身设计 5G,自营
1999.00,OPPO 一加 Ace 2V 12GB+256GB 青釉 天玑 9000 移动平台 1.5K 灵犀触控直屏 6400 万超清三摄 5G游戏性能,自营
5399.00,Apple iPhone 14 (A2884) 128GB 星光色 支持移动联通电信5G 双卡双待手机,自营
3799.00,荣耀Magic5 第二代骁龙8旗舰芯片 荣耀鹰眼相机 5100mAh电池 5G手机 8GB+256GB 亮黑色 20周年纪念款,自营
4888.00,华为/HUAWEI P60 超聚光XMAGE影像 双向北斗卫星消息 256GB 羽砂黑 鸿蒙曲面屏 智能旗舰,自营
2209.00,荣耀70 Pro IMX800三主摄 旗舰芯片 100W超级快充 5G手机 12GB+256GB 流光水晶,自营
3799.00,荣耀Magic5 第二代骁龙8旗舰芯片 荣耀鹰眼相机 5100mAh电池 5G手机 8GB+256GB 亮黑色 20周年纪念款,自营
4299.00,小米13 徕卡光学镜头 第二代骁龙8处理器 超窄边屏幕 120Hz高刷 67W快充 12+256GB 黑色 5G,自营
2589.00,荣耀80 GT 骁龙8+旗舰芯 超帧独显芯片 120Hz原画超帧屏 IMX800主摄 5G手机 12GB+512GB 光雨流星,自营
2099.00,荣耀X40 GT 骁龙888旗舰芯 144Hz高刷电竞屏 66W超级快充 5G手机 8GB+256GB 竞速黑,自营
4899.00,HUAWEI Mate 50 直屏旗舰 超光变XMAGE影像 北斗卫星消息 低电量应急模式 256GB曜金黑华为鸿蒙,自营
4908.00,Apple iPhone 13 (A2634) 128GB 星光色 支持移动联通电信5G 双卡双待手机【快充套装】,自营
6999.00,OPPO Find X6 Pro 16GB+512GB 大漠银月 超光影三主摄 哈苏影像 100W闪充 第二代骁龙8旗舰芯片 5G拍照,自营
2299.00,realme真我GT Neo5 SE 第二代骁龙7+旗舰芯 144Hz 1.5K直屏 100W+5500mAh长续航 16+1TB 最终幻想 5G,自营
4299.00,HUAWEI Mate 50 直屏旗舰 超光变XMAGE影像 北斗卫星消息 低电量应急模式 128GB冰霜银华为鸿蒙,自营
7999.00,Apple iPhone 14 Pro (A2892) 128GB 暗紫色 支持移动联通电信5G 双卡双待手机,自营
3099.00,OPPO 一加 Ace 2 16GB+256GB 冰河蓝 满血版骁龙®8+旗舰平台 1.5K灵犀触控屏 超帧超画引擎 5G游戏电竞,自营
1799.00,Redmi Note 12T Pro 5G 天玑8200-Ultra 真旗舰芯 LCD 旗舰直屏 12GB+256GB 碳纤黑 智能 小米红米,自营
2499.00,OPPO Reno10 8GB+256GB 溢彩蓝 6400 万水光人像 超光影长焦镜头 80W超级闪充 120Hz OLED 超清曲面屏 5G,自营
4888.00,华为/HUAWEI P60 超聚光XMAGE影像 双向北斗卫星消息 256GB 洛可可白 鸿蒙曲面屏 智能旗舰,自营
3399.00,vivo iQOO Neo8 Pro 16GB+512GB 夜岩 天玑9200+ 自研芯片V1+ 120W超快闪充 144Hz高刷 5G游戏电竞性能,自营
909.00,华为畅享 50z 5000万高清AI三摄 5000mAh超能续航 128GB 宝石蓝 大内存鸿蒙智能,自营
7299.00,小米13Ultra 徕卡光学全焦段四摄 2K超色准屏 小米手机 5G手机,自营
1899.00,OPPO K11x 12GB+256GB 珠光 1亿超清影像 超大内存 长寿版 67W 超级闪充 120Hz 高帧竞速屏 5G,自营
1199.00,华为/HUAWEI 畅享60 6000mAh+22.5W超级快充 4800万大底超清影像 128GB 冰晶蓝 鸿蒙智能,自营
3799.00,vivo X90 8GB+256GB 冰蓝 4nm天玑9200旗舰芯片 自研芯片V2 120W双芯闪充 蔡司影像 5G 拍照,自营
2469.00,vivo S17 8GB+256GB 山海青 前置5000万广角柔光 后置智慧柔光环 1.5K超视网膜屏 5G 快充 拍照,自营
3299.00,"京品手机
Apple iPhone 11 (A2223) 128GB 黑色 移动联通电信4G手机 双卡双待",自营
2999.00,realme真我GT Neo5 240W光速秒充 觉醒光环系统 144Hz 1.5K直屏 骁龙8+ 5G芯 16+1T 紫域幻想 5G,自营
4399.00,魅族 20 PRO 12GB+256GB 曙光银 第二代骁龙8旗舰芯片 5000mAh电池 支持50W无线超充 超薄机身设计 5G,自营
2749.00,HUAWEI nova 11 前置6000万超广角人像 6.88毫米超薄臻彩直屏 256GB 曜金黑 华为鸿蒙智能,自营
5999.00,vivo X Flip 12GB+256GB 菱紫 轻巧优雅设计 魔镜大外屏 悬停蔡司影像 骁龙8+ 芯片 5G 折叠屏 xflip,自营
3349.00,OPPO 一加 Ace 2 原神定制礼盒 18GB+512GB 熔岩红 满血版 18GB 豪华内存 满血版骁龙8+旗舰平台 5G游戏,自营
3688.00,HUAWEI P50 Pro 原色双影像单元 万象双环设计 基于鸿蒙操作系统 8GB+128GB可可茶金 华为,自营
2499.00,【至高优惠1000元】K60 骁龙8+ 超清相机 长续航,自营
1299.00,OPPO K10x 极光 8GB+128GB 67W超级闪充 5000mAh长续航 120Hz高帧屏 6400万三摄 高通骁龙695 拍照 5G,自营
1199.00,OPPO K9x 8GB+128GB 银紫超梦 天玑810 5000mAh长续航 33W快充 90Hz电竞屏 6400万三摄 拍照5Goppok9x,自营
3099.00,OPPO 一加 Ace 2 16GB+256GB 冰河蓝 满血版骁龙®8+旗舰平台 1.5K灵犀触控屏 超帧超画引擎 5G游戏电竞,自营
1999.00,荣耀80 1.6亿像素超清主摄 AI Vlog视频大师 全新Magic OS 7.0系统 5G手机 8GB+256GB 墨玉青,自营
2299.00,vivo iQOO Neo8 12GB+256GB 夜岩 第一代骁龙8+ 自研芯片V1+ 120W超快闪充 144Hz高刷 5G游戏电竞性能,自营
4299.00,小米13 徕卡光学镜头 第二代骁龙8处理器 超窄边屏幕,自营
899.00,Redmi Note 11 5G 天玑810 33W Pro快充 5000mAh大电池 6GB +128GB 浅梦星河 智能 小米 红米,自营
1099.00,荣耀Play7T 6000mAh 长续航 8.27mm轻薄机身 6.74英寸高刷护眼屏 5G手机 8GB+128GB 钛空银,自营
9899.00,Apple iPhone 14 Pro Max (A2896) 256GB 暗紫色 支持移动联通电信5G 双卡双待手机,自营
8899.00,Apple iPhone 14 Pro (A2892) 256GB 暗紫色 支持移动联通电信5G 双卡双待手机,自营
899.00,OPPO A36 6GB+128GB 晴川蓝 高通骁龙680 5000mAh长续航 90Hz炫彩屏 大内存游戏拍照oppoa36,自营
2199.00,【新品上市】Note12Turbo 性能魔法 旗舰体验,自营
2499.00,荣耀90 2亿像素写真相机 零风险调光护眼屏 5000mAh轻薄长续航 12GB+256GB 冰羽蓝 5G,自营
1599.00,"京品手机
OPPO 一加 Ace 竞速版 12GB+256GB竞技灰享OPPO官方售后 天玑8100-MAX 120Hz变速电竞直屏游戏稳帧引擎5G",自营
1799.00,vivo iQOO Z7 8GB+256GB 原子蓝 120W超快闪充 等效5000mAh强续航 6400万像素 OIS光学防抖 5Giqooz7,自营
1599.00,荣耀X40 120Hz OLED硬核曲屏 5100mAh 快充大电池 7.9mm轻薄设计 5G手机 8GB+128GB 彩云追月,自营
4399.00,vivo iQOO 11 12GB+256GB 赛道版 第二代骁龙8 2K 144Hz E6全感屏 120W闪充 自研芯片V2 5G电竞iqoo11,自营
899.00,【爆款热销】Note 11 5G 天玑810 5G手机,自营
2499.00,realme真我GT Neo5 150W光速秒充 觉醒光环系统 144Hz 1.5K直屏 骁龙8+ 5G芯 12GB+256GB 圣境白 5G,自营
2499.00,OPPO Reno9 8GB+256GB 微醺 6400万水光人像镜头 120Hz OLED超清曲面屏 4500mAh大电池 7.19mm轻薄 5G,自营
1699.00,Redmi K60E 天玑8200处理器 2K旗舰直屏 OIS光学防抖相机 5500mAh长续航67W充电 12GB+256GB 墨羽 小米红米5G,自营
2199.00,Redmi Note 12 Turbo 5G 第二代骁龙7+ 超细四窄边OLED直屏 6400万像素 12GB+512GB碳纤黑 智能 小米红米,自营
4399.00,OPPO 一加 11 16GB+256GB 一瞬青 第二代骁龙 8 哈苏影像拍照 2K + 120Hz 高刷屏 游戏电竞5G旗舰,自营
5399.00,小米13Pro徕卡光学镜头 120W秒充 2K曲面屏5G手机,自营
1299.00,realme真我10 Pro+ 2160Hz旗舰曲面屏* 天玑1080旗舰芯 一亿像素街拍相机 8GB+256GB 星曜之光 5G,自营
3199.00,Redmi K60 Pro 第二代骁龙8处理器 2K高光屏 IMX800相机 120W秒充 12GB+256GB 墨羽 小米红米5G,自营
3199.00,魅族 20 12GB+256GB 先锋灰 第二代骁龙8旗舰芯片 144Hz电竞直屏 支持67W快充 超薄机身设计 5G,自营
5399.00,Apple iPhone 14 (A2884) 128GB 星光色 支持移动联通电信5G 双卡双待手机,自营
1999.00,OPPO 一加 Ace 2V 12GB+256GB 青釉 天玑 9000 移动平台 1.5K 灵犀触控直屏 6400 万超清三摄 5G游戏性能,自营
2999.00,realme真我GT Neo5 240W光速秒充 觉醒光环系统 144Hz 1.5K直屏 骁龙8+ 5G芯 16+1T 紫域幻想 5G,自营
4299.00,小米13 徕卡光学镜头 第二代骁龙8处理器 超窄边屏幕 120Hz高刷 67W快充 12+256GB 黑色 5G,自营
2209.00,荣耀70 Pro IMX800三主摄 旗舰芯片 100W超级快充 5G手机 12GB+256GB 流光水晶,自营
1529.00,vivo iQOO Neo7 SE 8GB+256GB 银河 天玑8200 120W超快闪充 120Hz柔性直屏 5G游戏电竞性能,自营
2099.00,荣耀X40 GT 骁龙888旗舰芯 144Hz高刷电竞屏 66W超级快充 5G手机 8GB+256GB 竞速黑,自营
2589.00,荣耀80 GT 骁龙8+旗舰芯 超帧独显芯片 120Hz原画超帧屏 IMX800主摄 5G手机 12GB+512GB 光雨流星,自营
1799.00,【新品上市】Note12T Pro 5G天玑8200-Ultra 真旗舰芯 LCD 旗舰直屏,自营
2299.00,realme真我GT Neo5 SE 第二代骁龙7+旗舰芯 144Hz 1.5K直屏 100W+5500mAh长续航 16+1TB 最终幻想 5G,自营
3799.00,荣耀Magic5 第二代骁龙8旗舰芯片 荣耀鹰眼相机 5100mAh电池 5G手机 8GB+256GB 亮黑色 20周年纪念款,自营
6999.00,OPPO Find X6 Pro 16GB+512GB 大漠银月 超光影三主摄 哈苏影像 100W闪充 第二代骁龙8旗舰芯片 5G拍照,自营
4908.00,Apple iPhone 13 (A2634) 128GB 星光色 支持移动联通电信5G 双卡双待手机【快充套装】,自营
4299.00,HUAWEI Mate 50 直屏旗舰 超光变XMAGE影像 北斗卫星消息 低电量应急模式 128GB冰霜银华为鸿蒙,自营
7299.00,小米13Ultra 徕卡光学全焦段四摄 2K超色准屏 小米手机 5G手机,自营
4888.00,华为/HUAWEI P60 超聚光XMAGE影像 双向北斗卫星消息 256GB 洛可可白 鸿蒙曲面屏 智能旗舰,自营
3399.00,vivo iQOO Neo8 Pro 16GB+512GB 夜岩 天玑9200+ 自研芯片V1+ 120W超快闪充 144Hz高刷 5G游戏电竞性能,自营
2469.00,vivo S17 8GB+256GB 山海青 前置5000万广角柔光 后置智慧柔光环 1.5K超视网膜屏 5G 快充 拍照,自营
2499.00,OPPO Reno10 8GB+256GB 溢彩蓝 6400 万水光人像 超光影长焦镜头 80W超级闪充 120Hz OLED 超清曲面屏 5G,自营
909.00,华为畅享 50z 5000万高清AI三摄 5000mAh超能续航 128GB 宝石蓝 大内存鸿蒙智能,自营
3688.00,HUAWEI P50 Pro 原色双影像单元 万象双环设计 基于鸿蒙操作系统 8GB+128GB可可茶金 华为,自营
3299.00,"京品手机
Apple iPhone 11 (A2223) 128GB 黑色 移动联通电信4G手机 双卡双待",自营
1199.00,华为/HUAWEI 畅享60 6000mAh+22.5W超级快充 4800万大底超清影像 128GB 幻夜黑 鸿蒙智能,自营
1899.00,OPPO K11x 12GB+256GB 珠光 1亿超清影像 超大内存 长寿版 67W 超级闪充 120Hz 高帧竞速屏 5G,自营
4299.00,OPPO Reno10 Pro+ 16GB+512GB 暮光紫 骁龙 8+ 旗舰芯片 旗舰级超光影潜望长焦 100W超级闪充 超大内存5G,自营
3799.00,vivo X90 8GB+256GB 冰蓝 4nm天玑9200旗舰芯片 自研芯片V2 120W双芯闪充 蔡司影像 5G 拍照,自营
5399.00,小米13Pro徕卡光学镜头 120W秒充 2K曲面屏5G手机,自营
2449.00,HUAWEI nova 11 前置6000万超广角人像 6.88毫米超薄臻彩直屏 128GB 曜金黑 华为鸿蒙智能,自营
5999.00,vivo iQOO 11 Pro 16GB+512GB 赛道版 200W超快闪充 第二代骁龙8 2K 144Hz E6 全感屏 自研芯片V2 5G电竞,自营
2299.00,vivo iQOO Neo8 骁龙8+ 144Hz护眼直屏 自研芯片V1+ 120W闪充5G游戏手机 12GB+256GB 夜岩 官方标配,新品
5579.00,三星 SAMSUNG Galaxy S22 Ultra 超视觉夜拍系统 超耐用精工设计 大屏S Pen书写 12GB+256GB 曜夜黑 5G,自营
5999.00,HUAWEI Mate 50 Pro 曲面旗舰 超光变XMAGE影像 北斗卫星消息 256GB 曜金黑 华为鸿蒙,自营
5399.00,小米13Pro徕卡光学镜头 120W秒充 2K曲面屏5G手机,自营
3199.00,魅族 20 12GB+256GB 先锋灰 第二代骁龙8旗舰芯片 144Hz电竞直屏 支持67W快充 超薄机身设计 5G,自营
5399.00,Apple iPhone 14 (A2884) 128GB 星光色 支持移动联通电信5G 双卡双待手机,自营
1899.00,vivo Y77 12GB+256GB 夏日听海 旗舰级80W双芯闪充 120Hz护眼原色屏 5000万超清影像 5G 送学生 送长辈,自营
559.00,乐视Letv Y1Pro+ 八核智能手机自营 128GB 超薄游戏大屏全网通4G移动联通电信学生老人机长续航 星空蓝,自营
8999.00,vivo X Fold2 12GB+256GB 弦影黑 2K+ E6 120Hz折叠巨幕 120W双芯闪充 第二代骁龙8 5G 折叠屏 xfold2,自营
5579.00,三星 SAMSUNG Galaxy S22 Ultra 超视觉夜拍系统 超耐用精工设计 大屏S Pen书写 12GB+256GB 曜夜黑 5G,自营
699.00,天语X14ProMax 256GB灵动屏 八核智能手机 超薄电竞游戏4G全网通 学生安卓百元老人机长续航 蓝色,自营
1499.00,荣耀X50i 一亿像素超清影像 轻羽灵感设计 6.7英寸超窄边护眼全视屏 5G手机 8GB+256GB 杨柳风,自营
1599.00,Redmi Note12Pro极速版 5G 骁龙高能芯一亿像素 旗舰影像 OLED柔性直屏 8GB+256GB子夜黑 智能 小米红米,自营
7288.00,华为/HUAWEI P60 Pro 超聚光夜视长焦 昆仑玻璃 双向北斗卫星消息 512GB 洛可可白 鸿蒙智能旗舰,自营
6999.00,vivo X90 Pro+ 12GB+512GB 原黑 蔡司一英寸T*主摄 自研芯片V2 第二代骁龙8移动平台 5G 拍照,自营
4399.00,OPPO 一加 11 16GB+256GB 一瞬青 第二代骁龙 8,自营
7099.00,三星 SAMSUNG Galaxy S23 Ultra 超视觉夜拍 稳劲性能 大屏S Pen书写 8GB+256GB 悠柔白 5G,自营
1999.00,小米Redmi note12 Turbo红米手机第二代骁龙7+ 超细四窄边OLED直屏6400万像素 冰羽白 12GB+256GB,新品
1269.00,Redmi Note12 5G 120Hz OLED屏幕 骁龙4移动平台 5000mAh长续航 8GB+256GB子夜黑 智能 小米红米,自营
1799.00,小米Redmi note12T Pro红米手机 天玑8200-Ultra LCD旗舰屏 晴海蓝 12GB+256GB,免邮
859.00,OPPO A55s 8GB+128GB 律动黑 双模5G 超大存储 5000mAh超大电池 长续航 后置AI三摄 超清画质 拍照,自营
4399.00,vivo iQOO 11 12GB+256GB 赛道版 第二代骁龙8 2K 144Hz E6全感屏 120W闪充 自研芯片V2 5G电竞iqoo11,自营
2569.00,OPPO 一加Ace 2 新品手机 5G全网通 满血版骁龙8+旗舰平台 浩瀚黑丨16GB+256GB 官方标配,零售
3499.00,vivo S17 Pro 前置5000万广角柔光 专业长焦人像镜头 天玑8200旗舰芯片 拍照手机 山海青 12GB 512GB,京东物流
1899.00,荣耀70 IMX800三主摄 双曲屏设计 高通骁龙778G Plus 66W快充 5G手机 8GB+256GB 冰岛幻境,自营
3089.00,vivo S17 Pro 8GB+256GB 山海青 前置5000万广角柔光 专业长焦人像镜头 天玑8200旗舰芯片 5G 快充 拍照,自营
949.00,荣耀Play5T 22.5W超级快充 5000mAh大电池 6.5英寸护眼屏 全网通8GB+128GB极光蓝,自营
2499.00,OPPO Reno10 8GB+256GB 溢彩蓝 6400 万水光人像 超光影长焦镜头 80W超级闪充 120Hz OLED 超清曲面屏 5G,自营
2499.00,vivo S16 8GB+256GB 颜如玉 高通骁龙870 前置5000万追焦人像 原彩柔光环 66W闪充 5G 拍照,自营
2599.00,OPPO 一加 Ace Pro 16GB+256GB 黑森 享OPPO官方售后 骁龙8+旗舰芯 长寿版150W闪充 游戏稳帧引擎 5G游戏,自营
589.00,新款Max八核256GB超薄智能手机可用5G卡4G全网通百元便宜游戏电竞学生老人安卓大屏长续航 蓝色 8+128GB,免邮
2089.00,24期【免息】华为智选nzone 50Pro 5G手机 5000mAh大电量 指纹解锁 人脸识别 翡冷翠 8+256GB 官方标配,新品
4599.00,三星 SAMSUNG Galaxy S23 超视觉夜拍 可持续性设计 超亮全视护眼屏 8GB+256GB 悠柔白 5G,自营
4999.00,OPPO Find X6 16GB+512GB 星空黑 超光影三主摄 哈苏影像 80W闪充 天玑9200旗舰芯片 5G拍照,自营
1499.00,华为畅享 60 Pro 5000mAh长续航 40W快充 6.8英寸无界全视屏 双卡双待 128GB 曜金黑 鸿蒙智能HUAWEI,自营
5099.00,"爱心东东
华为mate50 新品上市手机 曜金黑 【碎屏险套装】256G全网通",券1080-220
1689.00,OPPO Reno8 8GB+256GB 微醺 80W超级闪充 5000万水光人像三摄 3200万前置索尼镜头 轻薄机身 5G,自营
4988.01,"爱心东东
华为p60 新品手机 羽砂黑 8+256GB全网通(碎屏险套装）",新品
4399.00,魅族 20 PRO 12GB+256GB 曙光银 第二代骁龙8旗舰芯片 5000mAh电池 支持50W无线超充 超薄机身设计 5G,自营
5799.00,三星 SAMSUNG Galaxy S23+ 超视觉夜拍 可持续性设计 超亮全视护眼屏 8GB+256GB 悠雾紫 5G,自营
1799.00,vivo iQOO Z7新品120W闪充 高通骁龙782G 6400万像素防抖 5G全网通智能手机 12GB+256GB 原子蓝 官方标配,京东物流
2099.00,OPPO K10 暗夜黑 12GB+256GB 天玑 8000-MAX 金刚石VC液冷散热 120Hz高帧变速屏 旗舰5G,自营
4899.00,努比亚 nubia 红魔8Pro+全面屏下游戏手机 12GB+256GB暗夜骑士 第二代骁龙8 165W快充 5000mAh 5G电竞,自营
3079.00,三星 SAMSUNG Galaxy S22 超视觉夜拍系统超清夜景 超电影影像系统 超耐用精工设计 8GB+128GB 雾松绿 5G,自营
4299.00,小米13 旗舰5G智能手机 第二代骁龙8处理器 专业徕卡光学镜头 四窄边屏幕 120Hz高刷 黑色 12GB+256GB,免邮
4399.00,OPPO 一加 11 16GB+256GB 一瞬青 第二代骁龙 8,自营
2699.00,小米 Civi 3 前置仿生双主摄 天玑8200-Ultra 后置5000万光学防抖镜头 12GB+512GB 玫瑰紫 小米 5G,自营
4499.00,OPPO Find X6 12GB+256GB 飞泉绿 超光影三主摄 哈苏影像 80W闪充 天玑9200旗舰芯片 5G拍照,自营
6399.00,OPPO Find N2 Flip 12GB+256GB 流金 任意窗 5000万超清自拍 120Hz镜面屏 4300mAh大电量 5G 小折叠屏,自营
1949.00,华为畅享 60X 7000mAh长续航 6.95英寸 影音大屏 256GB 曜金黑 鸿蒙智能手机HUAWEI,自营
10199.00,Apple/苹果 iPhone 14 Pro Max 库存原装苹果手机14三网通5G双卡双待 【14ProMax 暗紫色6.7寸】 512G 库存未使用【店保一年】,品质溯源
3099.00,OPPO 一加 Ace 2 16GB+256GB 冰河蓝 满血版骁龙®8+旗舰平台 1.5K灵犀触控屏 超帧超画引擎 5G游戏电竞,自营
6149.00,Apple iPhone 14 (A2884) 256GB 星光色 支持移动联通电信5G 双卡双待手机,自营
3399.00,"拍拍
Apple iPhone 11 Pro Max 苹果11promax手机 二手手机 备用机学生机 暗夜绿色 256G",京东物流
7099.00,Apple iPhone 14 Plus (A2888) 256GB 午夜色 支持移动联通电信5G 双卡双待手机,自营
14699.00,三星 SAMSUNG 心系天下 W23 非凡陶瓷 尊奢铰链 瑰丽边框 16GB+512GB 5G折叠 熠金黑 附S Pen,自营
3899.00,nubia 努比亚Z50 Ultra 屏下摄像12GB+256GB 夜海 第二代骁龙8 35mm+85mm黄金双焦段定制光学 5G游戏拍照,自营
5699.00,荣耀Magic5 Pro 第二代骁龙8旗舰芯片 荣耀青海湖电池 5450mAh大电量 鹰眼相机 5G 12GB+256GB 勃朗蓝,自营
1899.00,realme真我11 Pro+ 2亿单镜变焦相机 2160Hz旗舰曲面屏 100W+5000mAh长续航 12GB+256GB 日出之城 5G,自营
8999.00,小米MIX Fold2 轻薄折叠 骁龙8+旗舰处理器 徕卡光学镜头 自研微水滴形态转轴 12GB+256GB 玄夜黑5G,自营
6499.00,小米13Ultra 徕卡光学全焦段四摄 第二代骁龙8处理器 2K超色准屏 IP68防水 16+512GB 橄榄绿 小米 5G,自营
3033.00,【现货速发】小米12S Pro 骁龙8+ 徕卡专业光学镜头 5G智能拍照手机 绿色【8+256GB】 官方标配,零售
2635.00,Redmi K50 至尊版 骁龙8+旗舰处理器 1亿像素光学防抖 120W+5000mAh 12GB+512GB 银迹 小米红米K50 Ultra,自营
2299.00,vivo iQOO Neo8 12GB+256GB 夜岩 第一代骁龙8+ 自研芯片V1+ 120W超快闪充 144Hz高刷 5G游戏电竞性能,自营
1999.00,Redmi K50 天玑8100 2K柔性直屏 OIS光学防抖 67W快充 5500mAh大电量 幻镜 12GB+256GB 5G智能 小米红米,自营
8499.00,三星 SAMSUNG W23 Flip 尊奢黑金 掌心经典 立式自由拍摄系统 小屏大用 12GB+512GB 5G折叠 熠金黑,自营
1098.00,"爱心东东
华为智选 优畅享20Plus 5G手机 40W急速充电 翡冷翠 8G+128GB 碎屏险+原装40W充电套装",京东物流
4999.00,"爱心东东
华为mate50 新品手机 矅金黑 256G 全网通",品质认证
4999.00,vivo X90 Pro 12GB+256GB 原黑 蔡司一英寸T*主摄 天玑9200旗舰芯片 自研芯片V2 120W双芯闪充 5G 拍照,自营
5499.00,三星 SAMSUNG Galaxy Z Flip4 掌心折叠设计 幽紫秘境,自营
2119.00,vivo S16e 12GB+256GB 风信紫 5000万柔光人像 原彩柔光环 OIS超稳光学防抖 5nm旗舰芯片 5G 拍照,自营
5199.00,荣耀Magic5 Pro 第二代骁龙8旗舰芯片 荣耀青海湖电池 5450mAh大电量 鹰眼相机 5G 8GB+256GB 亮黑色,自营
5699.00,ROG7 游戏手机 16GB+512GB 暗影黑 骁龙8 Gen2 矩阵式液冷散热7.0 三星电竞屏 165Hz高刷 2x3Plus肩键 5G,自营
1449.00,荣耀X30 骁龙6nm疾速5G芯 66W超级快充 120Hz全视屏 全网通版 8GB+256GB 幻夜黑,自营
8498.00,Apple iPhone 14 Pro Max (A2896) 256GB 暗紫色 支持移动联通电信5G 双卡双待手机,自营
3899.00,荣耀90 Pro 2亿像素写真相机 零风险调光护眼屏 5000mAh轻薄长续航 16GB+512GB 冰羽蓝 5G,自营
7988.00,华为/HUAWEI P60 Art 超聚光夜视长焦 昆仑玻璃 双向北斗卫星消息 512GB 流沙金 鸿蒙智能旗舰,自营
5179.00,"拍拍
Apple 苹果 iPhone 14 (A2884) 双卡双待 二手手机 星光色 256G",券4000-250
9499.00,Apple iPhone 14 Pro Max (A2896) 256GB 暗紫色 支持移动联通电信5G 双卡双待手机,自营
1199.00,OPPO K10x 5G手机新品 67W超级闪充 5000mAh超长续航 6400万超清 极夜 8GB+128GB,京东物流
4499.00,努比亚 nubia 红魔8Pro全面屏下游戏手机 12GB+256GB暗夜骑士 第二代骁龙8 6000mAh电池 80W快充 5G电竞,自营
3799.00,荣耀Magic5 第二代骁龙8旗舰芯片 荣耀鹰眼相机 5100mAh电池 5G手机 8GB+256GB 亮黑色 20周年纪念款,自营
1199.00,Redmi 红米Note11 5G智能游戏拍照手机天玑810 5000mAh大电池小米新品 神秘黑境 8GB+256GB,免邮
3599.00,【现货当天发+晒单50】OPPO 一加 11 新品5G手机 全网通oneplus11旗舰游戏手机 一瞬青 16GB+256GB 官方标配,免邮
1099.00,OPPO A56s 8GB+128GB 深海蓝 双模5G 天玑810 5000mAh大电池 200%的超级音量 5G,自营
5799.00,三星 SAMSUNG Galaxy S23+ 超视觉夜拍 可持续性设计 超亮全视护眼屏 8GB+256GB 悠野绿 5G,自营
2399.00,三星 SAMSUNG Galaxy A54 5G手机 大角度OIS光学防抖 IP67级防尘防水 5000mAh大电池 8GB+128GB 深岩黑,自营
899.00,【爆款热销】Note 11 5G 天玑810 5G手机,自营
1899.00,Redmi Note12Pro+ 5G 2 亿像素 OIS光学防抖 OLED柔性直屏 8GB+256GB子夜黑 智能 小米红米,自营
1129.00,华为手机畅享60 6000毫安电池+22.5W超级快充 4800万大底超清影像 256GB 冰晶蓝 鸿蒙智能,自营
667.00,荣耀畅玩20 5000mAh超大电池续航 6.5英寸大屏 莱茵护眼 4GB+64GB 全网通 幻夜黑,自营
1899.00,realme真我GT Neo3 150W 天玑8100 150W光速秒充 独立显示芯片 赛道双条纹设计 12GB+256GB 银石 5G,自营
2499.00,vivo S17e 12GB+256GB 流沙金 7.4mm超感曲面屏 6400万柔光人像 超稳光学防抖 4nm天玑7200 5G 快充 拍照,自营
2499.00,荣耀90 2亿像素写真相机 零风险调光护眼屏 5000mAh轻薄长续航 12GB+256GB 冰羽蓝 5G,自营
1099.00,vivo Y53t 8GB+128GB 黑松露 5000mAh大电池 面部指纹双解锁 双模5G 全网通 老人 送学生 送长辈,自营
8949.00,Apple iPhone 14 Pro Max (A2896) 256GB 暗紫色 支持移动联通电信5G 双卡双待手机 活动专享,自营
1399.00,OPPO A96 8GB+128GB 琉璃幻彩 呼吸灯 高通八核5G芯片 33W快充 OLED超清屏 游戏拍照5Goppoa96,自营
6099.00,Apple iPhone 14 (A2884) 256GB 午夜色 支持移动联通电信5G 双卡双待手机Apple,自营
3099.00,vivo S16 Pro 12GB+256GB 颜如玉 天玑8200旗舰芯片 前置5000万追焦人像 原彩柔光环 5G 拍照,自营
5999.00,vivo X Flip 12GB+256GB 菱紫 轻巧优雅,自营
6599.00,"拍拍
Apple iPhone 13 Pro Max 支持移动联通电信苹果5G 二手手机 国行 石墨色 128GB",京东物流
5649.00,"拍拍
Apple iPhone13 Pro 苹果13Pro二手5G苹果手机 双卡双待 远峰蓝 256G 全网通【95新】",品质认证
2099.00,荣耀70 IMX800三主摄 双曲屏设计 高通骁龙778G Plus 66W快充 5G手机 12GB+256GB 墨玉青,自营
2999.00,"拍拍
Apple 苹果 iPhone 12 二手手机国行全网通 5G 学生机 蓝色 64GB",京东物流
759.00,vivo iQOO Z7i 4GB+128GB 冰湖蓝 5000mAh轻薄长续航 5G强劲芯 128GB可拓展大内存 5G智能iqooz7i,自营
5799.00,三星 SAMSUNG Galaxy S23+ 超视觉夜拍 可持续性设计 超亮全视护眼屏 8GB+256GB 悠雾紫 5G,自营
398.00,"爱心东东
2023新款X13pro智能手机可用5G移动联通电信卡4g全网通长续航大屏老年老人学生备用机便宜全新 紫色【4+64G】",新品
4219.00,三星 SAMSUNG Galaxy Z Flip3 5G 折叠屏 双模5G手机 立式交互体验 IPX8防水 8GB+256GB黑 陨石海岸,自营
3799.00,Hi nova智选 TD Tech P50 5G全网手机 高清像素 曜金黑 8+256GB 标配 赠原装66W充电套装,满3399-100
3899.00,HUAWEI Mate 50E 直屏旗舰 超光变XMAGE影像 鸿蒙操作系统3.0 超能续航 256GB 曜金黑 华为鸿蒙,自营
378.00,"拍拍
华为 HUAWEI 畅享10e/畅享10/荣耀play3 6.3英寸大屏幕 二手手机 99新成色 畅享10E幻夜黑 全网通(4G 64G)",券500-25
2099.00,荣耀X40 GT 骁龙888旗舰芯 144Hz高刷电竞屏 66W超级快充 5G手机 8GB+256GB 竞速黑,自营
649.00,Redmi 12C Helio G85 性能芯 5000万高清双摄 5000mAh长续航 4GB+64GB 熏衣紫 智能 小米红米,自营
2899.00,华为P50E手机 鸿蒙操作系统 5000万超感光原色影像 支持66W快充 8GB+256GB曜金黑,自营
5499.00,Apple 苹果14 iPhone14 (A2884)5G手机（现货当天发 12期分期可选） 128GB 午夜色 官方标配,免邮
1559.00,vivo iQOO Neo7SE天玑8200 120W闪充 120Hz柔性直屏5G游戏智能手机 8GB+256GB 电子蓝 官方标配,零售
5499.00,三星 SAMSUNG Galaxy Z Flip4 掌心折叠设计 立式自由拍摄系统 8GB+256GB 5G折叠屏 幽紫秘境,自营
2699.00,荣耀80 GT 骁龙8+旗舰芯 超帧独显芯片 120Hz原画超帧屏 IMX800主摄 5G手机 12GB+256GB 光雨流星,自营
3899.00,华为手机Mate40E 5G手机 全网通 支持鸿蒙系HarmonyOS 釉白色 8G+256G,自营
499.00,乐视Letv Y1Pro+八核智能手机 超薄游戏大屏学生老人机 全网通4G 移动联通电信 便宜百元长续航 星空蓝,自营
6699.00,荣耀Magic5 至臻版 荣耀青海湖电池 鹰眼相机 高通骁龙8Gen2 超曲纳米微晶玻璃 5G 16GB+512GB 雅黑色,自营
939.00,OPPO手机K9x 8GB+128GB 银紫超梦 双模5G全网通,自营
1249.00,小米11青春版 骁龙780G处理器 AMOLED柔性直屏 8GB+256GB 夏日柠檬 5G时尚,自营
2499.00,OPPO Reno9 8GB+256GB 微醺 6400万水光人像镜头 120Hz OLED超清曲面屏 4500mAh大电池 7.19mm轻薄 5G,自营
699.00,荣耀畅玩20 5000mAh超大电池续航 6.5英寸大屏 莱茵护眼 4GB+64GB 全网通 钛空银,自营
1459.00,HUAWEI nova 10z 【内置40W华为超级快充】6400万超清三摄 6.6英寸无界全视屏 256GB幻夜黑 华为鸿蒙,自营
4599.00,华为手机Mate40EPro 5G手机全网通鸿蒙系统 8GB+256GB 亮黑色（无充版）,自营
2399.00,华为nova10手机 前置6000万超广角镜头 256GB 10号色,自营
8949.00,Apple iPhone 14 Pro Max (A2896) 256GB 深空黑色 支持移动联通电信5G 双卡双待 活动专享,自营
6399.00,OPPO Find N2 Flip 12GB+256GB 流金 任意窗 5000万超清自拍 120Hz镜面屏 4300mAh大电量 5G 小折叠屏,自营
1339.00,华为/HUAWEI nova 9 SE 一亿像素超清摄影 创新Vlog体验 支持66W快充 8GB+256GB冰晶蓝 华为【无充版】,自营
1859.00,小米 Redmi 红米K50 5G新品手机 墨羽【官方标配】 12G+256GB,免邮
2398.00,华为另可选 荣耀X40 新品5G手机 曲屏 屏幕指纹 5100mAh 幻夜黑 12GB+256GB,满999-50
759.00,vivo iQOO U5x 骁龙680处理器 5000mAh超大电池 128G大内存 全网通智能手机 8GB 128GB 极昼蓝 官方标配,零售
2299.00,OPPO 一加 Ace 竞速版享OPPO官方售后天玑8100-MAX120Hz变速电屏5G游戏手机 竞技灰 12GB+256GB,满2000-680
14699.00,三星 SAMSUNG 心系天下 W23 非凡陶瓷 尊奢铰链 瑰丽边框 16GB+512GB 5G折叠 熠金黑 附S Pen,自营
3199.00,华为智选 鼎桥/TD Tech M40 智能5G手机 亮黑色【8GB+256GB】 标配 含原装充电套装,满2799-100
3899.00,小米12S Pro 骁龙8+处理器 徕卡光学镜头 2K超视感屏 120Hz高刷 120W秒充 12GB+256GB 黑色 5G,自营
1399.00,Redmi Note12Pro 5G IMX766 旗舰影像 OIS光学防抖 OLED柔性直屏 6GB+128GB子夜黑 智能 小米红米,自营
2839.00,荣耀 Magic3 Pro 骁龙888Plus 6.76英寸超曲屏 多主摄计算摄影 66W有线50W无线双超级快充 8GB+256GB 釉白色,自营
1599.00,vivo iQOO Z7新品5G手机120W闪充光学防抖拍照性能续航小超人z6升iqooz7 原子蓝（可换颜色） 8G 256G,新品
3199.00,魅族 20 12GB+256GB 定胜青 第二代骁龙8旗舰芯片 144Hz电竞直屏 支持67W快充 超薄机身设计 5G,自营
599.00,Redmi手机 9A 4GB+64GB 砂石黑,自营
8999.00,华为/HUAWEI Mate Xs 2 升级支持北斗卫星消息 超轻薄超平整超可靠 8GB+256GB雅黑折叠屏,自营
5399.00,Apple 苹果 iPhone 14 (A2884) 手机 128GB 紫色 活动 1,免邮
5129.00,Apple iPhone 13 (A2634) 256GB 午夜色 支持移动联通电信5G 双卡双待手机Apple,自营
2559.00,vivo iQOO Neo7 12GB+512GB 印象蓝 天玑9000+ 独显芯片Pro+ E5柔性直屏 120W超快闪充 5G游戏电竞性能,自营
2099.00,荣耀X40 GT 骁龙888旗舰芯 144Hz高刷电竞屏 66W超级快充 5G手机 8GB+256GB 竞速黑,自营
2099.01,【小米礼象】小米 红米K60E 新品5G手机 墨羽 12G+256G,满2088-370
1998.00,HUAWEI nova 10 SE 一亿像素质感人像 4500mAh长续航 轻薄机身256GB 薄荷青 华为,自营
7788.00,Apple iPhone 14 Pro (A2892) 256GB 暗紫色 全网通5G 双卡双待 【特惠】,自营
1169.00,OPPO K10x 极光 8GB+128GB 67W超级闪充 5000mAh长续航 120Hz高帧屏 6400万三摄 高通骁龙695 拍照 5G,自营
3489.00,"爱心东东
vivo X90 4nm天玑9200旗舰芯片 自研芯片V2 120W双芯闪充 蔡司影像 5G 至黑 8GB+128GB【标配版】",免邮
909.00,华为畅享 50z 5000万高清AI三摄 5000mAh超能续航 128GB 宝石蓝 大内存鸿蒙智能,自营
2069.00,三星 SAMSUNG Galaxy A53 5G手机 120Hz超顺滑全视屏 IP67级防尘防水 6400万超清四摄 8GB+256GB 宇宙黑,自营
8899.00,Apple iPhone 14 Pro (A2892) 256GB 金色 支持移动联通电信5G 双卡双待手机【活动专享】,自营
1428.00,华为手机nova 9 SE 一亿像素超清摄影 支持66W快充 8GB+256GB冰晶蓝,自营
2999.00,荣耀60se 新品5G手机 流光幻境 【官方标配】8G+256G全网通,免邮
8299.00,Apple iPhone 14 Pro (A2892) 256GB 金色 支持移动联通电信5G 双卡双待手机【活动】,自营
14699.00,三星 SAMSUNG 心系天下 W23 非凡陶瓷 尊奢铰链 瑰丽边框 16GB+512GB 5G折叠 熠金黑 附S Pen,自营
9499.00,Apple iPhone 14 Pro Max (A2896)苹果14Promax 苹果手机5G 银色 512G,零售
1299.00,OPPO K9x 8+256GB黑曜武士 全网通5G手机 oppo合约机 移动用户专享,自营
2359.00,vivo iQOO Neo7天玑9000+独显芯片Pro+ 120W闪充E5柔性直屏5G游戏智能手机 12GB+256GB 波普橙 官方标配,零售
1399.00,vivo iQOO Z7x新品6000mAh大电池 80W闪充 高通骁龙695 5G全网通智能手机 8GB+256GB 浅海蓝 官方标配,京东物流
4749.00,Apple苹果14 iPhone 14 (A2884) 5G手机 全网通 星光色 128GB,免邮
2299.00,vivo iQOO Neo8 12GB+256GB 夜岩 第一代骁龙8+ 自研芯片V1+ 120W超快闪充 144Hz高刷 5G游戏电竞性能,自营
1277.50,华为智选手机Hi nova 9 5G手机华为智选 66W疾速快充 8+128GB梦幻星河 标配无充,自营
2799.00,华为nova11手机 前置6000万超广角人像 6.88毫米超薄臻彩直屏 256GB 曜金黑,自营
3399.00,vivo iQOO Neo8Pro 天玑9200+ 自研芯片V1+ 120W超快闪充5G游戏电竞手机 16GB+512GB 冲浪 官方标配,新品
3609.00,努比亚（nubia）红魔7S 16GB+512GB 氘锋透明 新骁龙8+ 稳帧引擎 ICE魔冷散热 165Hz高刷 5G电竞游戏,自营
2399.00,Redmi红米k60 5G手机小米 骁龙8+处理器 2K高光屏 5500mAh长续航 晴雪 12GB+256GB,免邮
2499.00,OPPO Reno9 8GB+256GB 微醺 6400万水光人像镜头 120Hz OLED超清曲面屏 4500mAh大电池 7.19mm轻薄 5G,自营
599.00,Redmi 10A 5000mAh大电量 1300万AI相机 八核处理器 指纹解锁 4GB+64GB 暗影黑 智能 小米 红米,自营
2599.00,nubia 努比亚Z50 8GB+256GB 黑礁 第二代骁龙8 144HZ高刷 新35mm定制光学系统 5000mAh电池80W快充拍照5G,自营
4149.00,"拍拍
Apple 苹果13 iPhone 13 移动联通电信苹果5G 二手手机 国行 粉色 128GB",京东物流
2269.00,"拍拍
苹果 Apple iPhone 11 苹果11 苹果二手手机 备用机 国行 白色 128G",京东物流
4189.00,vivo iQOO 11Pro 5G手机 第二代骁龙8 2K全感屏 200W闪充 144hz 赛道版 12GB+256GB 标配,免邮
4088.00,华为/HUAWEI P50 Pro 原色双影像单元 万象双环设计 基于鸿蒙操作系统 8GB+256GB曜金黑华为,自营
2699.00,荣耀 Magic3 骁龙888 6.76英寸超曲屏 多主摄计算摄影 66W超级快充 4600mAh大电池 全网通版 8GB+256GB釉白色,自营
1489.00,荣耀60 SE 120Hz十亿色曲面屏 66W超级快充 6400万Vlog相机 全网通版 5G手机 8GB+256GB 墨玉青,自营
4179.00,"拍拍
激活未使用Apple 苹果13 iPhone 13 (A2634) 5G国行二手手机 午夜黑 128G全网通【电池效率100%】 准新",券4000-280
2949.00,vivo iQOO Neo7竞速版 12GB+256GB 波普橙 骁龙8+旗舰芯片 独显芯片Pro+ 120W超快闪充 5G电竞,自营
5699.00,摩托罗拉moto razr 40 Ultra 掌心巨幕 双屏影像 纤薄出众 骁龙8+ 5G折叠屏旗舰 8+256锋雅黑,自营
5999.00,vivo iQOO 11 Pro 16GB+512GB 赛道版 200W超快闪充 第二代骁龙8 2K 144Hz E6 全感屏 自研芯片V2 5G电竞,自营
4899.00,vivo iqoo11pro 新品5G旗舰手机 iqoo10pro升级版iqoo11pro 传奇版12+256GB全网通 官方标配,免邮
2988.00,HUAWEI/华为 P50E 基于鸿蒙操作系统 5000万超感光原色影像 支持66W快充 8GB+256GB雪域白 华为,自营
4099.00,荣耀Magic4 Pro 全新一代骁龙8 四曲屏设计 LTPO屏幕 潜望式长焦摄像头 全网通版 8GB+256GB 亮黑,自营
3999.00,OPPO Reno9 Pro+ 16GB+256GB 碧海青 骁龙8+旗舰芯片 自研影像芯片 80W超级闪充 120Hz OLED超清曲面屏5G,自营
5399.00,Apple iPhone 14 (A2884) 128GB 紫色 支持移动联通电信5G 双卡双待手机【大王卡】,自营
6999.00,OPPO Find X6 Pro 16GB+512GB 大漠银月 超光影三主摄 哈苏影像 100W闪充 第二代骁龙8旗舰芯片 5G拍照,自营
2299.00,"爱心东东
Redmi 红米K60 新品5G手机 骁龙8+处理器 2K高光屏 墨羽 8GB+256GB",免邮
2379.00,Redmi K50 至尊版 12GB+256GB 银迹 骁龙8+旗舰 120W+5000mAh 小米红米K50 Ultra 小米 红米5G,自营
7799.00,Apple iPhone 14 Pro Max (A2896) 256GB 暗紫色 支持移动联通电信5G 双卡双待手机【大王卡】,自营
9699.00,Apple iPhone 14 Pro (A2892) 支持移动联通电信5G 双卡双待手机 深空黑色 512GB,零售
3699.00,荣耀Magic5 第二代骁龙8旗舰芯片 荣耀鹰眼相机 5100mAh电池 191g轻薄机身 5G 8GB+256GB 勃朗蓝,放心购
1529.00,vivo iQOO Neo7 SE 8GB+256GB 银河 天玑8200 120W超快闪充 120Hz柔性直屏 5G游戏电竞性能,自营
3729.00,"拍拍
华为 HUAWEI mate40 Pro（5G）安卓智能 备用机 二手手机 釉白色 8G+256G",京东物流
2469.00,realme真我 GT Neo5 5G全网通游戏手机240W满级玩家真我gtneo5 1tb手机 紫域幻想 16GB+256GB(150)W,京东物流
2599.00,HUAWEI/华为 P50E 基于鸿蒙操作系统 5000万超感光原色影像 支持66W快充 8GB+256GB雪域白 华为,自营
1699.00,vivo Y78+ 8GB+256GB 天青色 旗舰级120Hz OLED曲面屏 5000万OIS光学防抖 5000mAh电池 5G 拍照,自营
2499.00,红米K60 小米5G手机 Redmi手机 晴雪 16+256GB,免邮
1349.00,vivo Y78 8GB+128GB 玉瓷青 120Hz原色适眼屏 天玑7020 5000万超清主摄 5000mAh电池 5G 快充 拍照,自营
2999.00,荣耀80 GT 骁龙8+旗舰芯 超帧独显芯片 120Hz原画超帧屏 IMX800主摄 5G手机 12GB+256GB 星际黑,自营
4099.00,华为 HUAWEI Mate 40E 麒麟990E 5G SoC芯片 超感知影像 68°曲面屏 8GB+256GB釉白色5G全网通,自营
2399.00,"拍拍
Apple iPhone 12 苹果12 二手苹果手机 原装国行全网通 5G手机 双卡手机 蓝色（人气推荐） 64G全网通(可选全新品牌电池+20W快充) 95成新",免邮
2978.00,24期【免息】华为P50 新品手机 HarmonyOS2鸿蒙系统 支持NFC 【P50E】曜金黑 8G+256G,新品
3199.00,Redmi红米k60 Pro 5G智能手机小米第二代骁龙8处理器 2K高光屏 IMX800相机 墨羽 12GB+256GB,免邮
14699.00,三星 SAMSUNG 心系天下 W23 非凡陶瓷 尊奢铰链 瑰丽边框 16GB+512GB 5G折叠 熠金黑 附S Pen,自营
2559.00,"拍拍
Apple iPhone XS Max 苹果xsmax手机 二手手机 备用机学生机 金色 256G",京东物流
1909.00,Redmi 红米K50 5G智能手机 小米 天玑8100 2K柔性直屏 墨羽色 12GB+256GB,免邮
3899.00,Apple iPhone SE(A2785)128G 星光色 支持移动联通电信5G手机,自营
2799.00,realme真我GT Neo5 240W光速秒充 觉醒光环系统 144Hz 1.5K直屏 骁龙8+ 紫域幻想 150W 12GB+256GB,免邮
2599.00,HUAWEI/华为 P50E 基于鸿蒙操作系统 5000万超感光原色影像 支持66W快充 8GB+256GB可可茶金 华为,自营
3099.00,vivo S16 Pro 12GB+256GB 颜如玉 天玑8200旗舰芯片 前置5000万追焦人像 原彩柔光环 5G 拍照,自营
3799.00,OPPO Reno9 Pro 16GB+512GB 微醺 7.19mm轻薄机身 双芯人像摄影系统 120Hz OLED超清屏 超速大内存 5G,自营
1166.00,华为畅享 50 6000mAh大电池 22.5W超能续航 6.75英寸影音大屏 双卡双待 智能手机 8G+128GB 幻夜黑 鸿蒙,自营
1449.00,【性价比之选】OPPO K10 Pro 新品5G全网通 手机oppo k9\/k9pro升级款 K10 冰魄蓝 8G+256G 官方标配 【全国联保】,免邮
4499.00,vivo X90 Pro新品手机5G 120W闪充 蔡司1英寸T*主摄 天玑9200 拍照手机 原黑【活动版】 8G 256G,免邮
2199.00,"爱心东东
荣耀60se 5G手机 手机荣耀 流光幻境 8+256G 全网通",免邮
1299.00,OPPO K10x 67W超级闪充 5000mAh超大电池,自营
3449.00,"拍拍
Apple iPhone 13 mini 支持移动联通电信苹果5G 二手手机 午夜色 128GB",京东物流
6689.00,"拍拍
Apple iPhone 13 Pro Max 苹果13 ProMax 5G 二手苹果手机 国行双卡 远峰蓝色{评价有礼} 256G全网通【送快充套装】 99新[评价有礼]",券5000-350
4899.00,AppleiPhone苹果12 (A2404) 256GB黑色 全网通5G Apple,自营
2299.00,小米Redmi K60E 天玑8200处理器 2K旗舰直屏 OIS光学防抖相机 5500mAh手机 晴雪 12GB+256GB 官方标配,免邮
1299.00,realme真我10 Pro 120Hz超窄天际屏 一亿像素街拍相机 8GB+256GB 星曜之光 5G,自营
3199.00,魅族 20 12GB+256GB 定胜青 第二代骁龙8旗舰芯片 144Hz电竞直屏 支持67W快充 超薄机身设计 5G,自营
3859.00,"拍拍
Apple 苹果12Pro iPhone 12Pro 国行5G双卡双待 二手手机 非12 max 海蓝色【人气推荐】 128G【品牌闪充20W+品牌电池100%】99新",券3000-210
2299.00,【现货速发】OPPO Reno9系列5G手机oppo新品曲面屏拍照智能大内存reno9pro+ Reno9 明日金 8G+256G 5G全网通 官方标配【2年联保】,免邮
209.00,诺基亚（NOKIA）新105 4G 移动联通电信全网通 老人老年按键直板手机 学生儿童备用机 双卡双待 蓝色,自营
1999.00,荣耀60 Pro 流光四曲屏设计 1亿像素多主摄影像系统 66W超级快充 全网通版 8GB+256GB 幻境星空,自营
3989.00,"爱心东东
华为mate40e 5G手机华为 亮黑色 8+256GB",免邮
6188.00,华为/HUAWEI P60 Pro 超聚光夜视长焦 昆仑玻璃 双向北斗卫星消息 256GB 羽砂黑 鸿蒙智能旗舰,自营
2099.00,24期【免息】华为智选nzone50pro 5G手机 5000mAh大电量 指纹解锁 人脸识别 幻夜黑【8GB+128GB】 官方标配,新品
2799.00,【现货速发】OPPO 一加Ace2 新品5G手机oppo 骁龙8+处理器 ace2 冰河蓝 12GB+256GB,免邮
2359.00,"爱心东东
华为p50e 手机 雪域白 8+256G 官方标配",零售
3629.00,"拍拍
Apple 苹果12Pro iPhone12Pro 5G 双卡双待 苹果二手手机 6.1英寸 海蓝色【人气流行】 9新 128GB 全网通",券1000-70
1668.00,"拍拍
华为 HUAWEI P40 二手手机 二手华为手机 麒麟990 5G全面屏安卓智能 拍照游戏 亮黑色 8GB+128GB【赠20Wpd快充】 95成新",免邮
2209.00,荣耀70 Pro IMX800三主摄 旗舰芯片 100W超级快充 5G手机 12GB+256GB 流光水晶,自营
5049.00,"拍拍
未激活Apple iPhone 13 苹果13 移动联通电信5G手机双卡双待手机 准新 午夜色 256GB【 未激活 电池100%】",券5000-350
6569.00,"拍拍
Apple 苹果13 ProMax 二手 iPhone 13 promax 5G 二手手机国行全网通 远峰蓝色【人气推荐】 99新256G【品牌20W闪充】",券5000-350
1559.00,【下单速发】OPPO K10系列 5G新品手机 大电池 全网通智能游戏拍照超级闪充旗舰机oppo K10 冰魄蓝12GB+256GB【现货速发】 5G全网通 官方标配,免邮
1409.00,荣耀x40 5G手机 手机荣耀 幻夜黑 8G+256G全网通,零售
5298.00,华为 Mate 50 Pro 曲面旗舰 超光变XMAGE影像 北斗卫星消息 256GB 曜金黑 华为鸿蒙,自营
6399.00,摩托罗拉moto razr 40 Ultra 掌心巨幕 双屏影像 纤薄出众 骁龙8+ 5G折叠屏旗舰 12+512锋雅黑,自营
10599.00,Apple iPhone 14 Pro Max (A2896) 支持移动联通电信5G 双卡双待手机 深空黑色 512GB,零售
165.00,"拍拍
vivo Y66 /y66i 智能安卓手机 备用机 工作机 老人机 二手手机 全网通 黑色 9成新",券500-25
3069.00,荣耀80 Pro 直屏版 1.6亿像素超清主摄 骁龙8+旗舰芯片 12GB+256GB 粉映晨辉 荣耀,自营
2739.00,"拍拍
三星Galaxy S22 5G 5000万像素广角镜头 拍照手机 羽梦白【展示机-99新】 8+256G",品质认证
5518.00,"拍拍
华为Mate Xs\mate X2 5G折叠屏手机二手手机 MateXs 星际蓝 8G+512GB 99成新",免邮
8499.00,三星 SAMSUNG W23 Flip 尊奢黑金 掌心经典 立式自由拍摄系统 小屏大用 12GB+512GB 5G折叠 熠金黑,自营
2999.00,荣耀80 Pro 1.6亿像素超清主摄 骁龙8+旗舰芯片 AI Vlog视频大师 5G手机 12GB+256GB 墨玉青,自营
3999.00,"爱心东东
华为mate50e 新品手机 曜金黑 256G 全网通",免邮
1579.00,"拍拍
Apple iPhone XR 苹果xr二手手机 备用机学生机 黑色【评价有礼】 128G",京东物流
5399.00,Apple 苹果 iPhone14 A2884 苹果14 iphon14 5G手机 午夜色 128G 套装一：搭配90天碎屏保障,京东物流
315.00,"拍拍
vivo X20/X20A/X7/X9 全面屏拍照手机 二手安卓手机 双摄游戏手机 X20 黑色 4G+64G 全网通 9成新",免邮
1299.00,OPPO K10x 67W超级闪充 5000mAh超大电池,自营
5399.00,"拍拍
激活未使用Apple iPhone 14 (A2884) 苹果14 国行双卡双待 二手5G手机 星光色 256G全网通 准新",券5000-350
611.00,Redmi 10A 4GB+64GB 暗影黑 5000mAh大电量 1300万AI相机 八核处理器 指纹解锁 智能 小米 红米,自营
1349.00,vivo Y78 8GB+128GB 玉瓷青 120Hz原色适眼屏 天玑7020 5000万超清主摄 5000mAh电池 5G 快充 拍照,自营
5499.00,"拍拍
【准新】三星Galaxy S22 Ultra超视觉夜拍系统 超耐用 大屏S pen 曜夜黑【展示机】 12GB+256GB【加赠25W】",品质认证
2799.00,【下单有礼】OPPO 一加 Ace 2 满血版骁龙8+旗舰平台 1.5K灵犀触控屏 一加ace2 12+256GB冰河蓝 官方标配,免邮
1799.00,vivo iQOO Z7 120W超快闪充,自营
819.00,OPPO A36 6+128GB 云雾黑 高通骁龙680 5000mAh长续航 90Hz护眼炫彩屏 大内存游戏拍照oppoa36,自营
4999.00,nubia 努比亚Z50 Ultra 屏下摄像16GB+512GB摄影师版·卡其 第二代骁龙8 35mm+85mm双定制光学5G游戏拍照,自营
2539.00,小米12S 骁龙8+处理器 徕卡光学镜头 疾速影像 120Hz高刷 67W快充 4500mAh 白色 【百补】8GB+128GB,零售
1999.00,Redmi 红米note12 Turbo 新品5G小米手机 note12turbo涡轮增压 碳纤黑【活动专享】 12+256GB,新品
8099.00,Apple iPhone 14 Pro (A2892) 256GB 暗紫色 支持移动联通电信5G 双卡双待手机 活动专享,自营
4099.00,努比亚 nubia 红魔8Pro全面屏下游戏手机 8GB+256GB暗夜骑士 第二代骁龙8 6000mAh电池 80W快充 5G电竞,自营
2769.00,nubia 努比亚Z50 12GB+256GB 黑礁 第二代骁龙8 144HZ高刷 新35mm定制光学系统5000mAh电池80W快充拍照5G,自营
2699.00,OPPO 一加 Ace 2 5G游戏手机 满血版骁龙8+ 电竞 (原神 礼盒版 12期可选） 冰河蓝 12+256GB 官方标配,免邮
1659.00,Redmi K40 Pro 骁龙888 三星E4旗舰120Hz高刷屏 6400万高清三摄 8GB+256GB 墨羽 游戏电竞智能5G小米红米,自营
4128.00,华为/HUAWEI P50 Pro 原色双影像单元 万象双环设计 基于鸿蒙操作系统 8GB+256GB曜金黑华为,自营
5684.00,Apple/苹果 iPhone 13 苹果13 全网通新颜值手机Apple原装库存未激活未使用 【13 粉色6.1寸】 256G【全新未激活】店保1年,品质溯源
1299.00,OPPO K10x 67W超级闪充 5000mAh超大电池,自营
1657.00,小米 Redmi 红米k60E 新品5G手机 晴雪 12GB+256GB,免邮
5999.00,"爱心东东
华为mate50pro 新品手机 矅金黑 256G 全网通",品质认证
5388.00,"爱心东东
华为pocket s 新品折叠手机 曜石黑 256G 全网通",免邮
3419.00,【分期免息】OPPO Find X5 Pro 5G新品oppo手机findx5pro升级x3pro Find x5 pro 黑釉 12+256GB 官方标配,免邮
8199.00,"拍拍
激活未使用Apple iPhone 14 ProMax 苹果14 ProMax 二手手机5G 深空黑色 256G全网通 准新",券2000-140
999.00,vivo iQOO Z7i 5000mAh轻薄长续航 5G强劲芯 128GB大内存 6GB+128GB 冰湖蓝 5G智能iqooz7i 送学生送长辈,自营
7989.00,Apple 苹果14Pro (A2892) iPhone 14Pro 5G手机 暗紫色 256G,免邮
3999.00,OPPO 一加 11 第二代骁龙8 哈苏影像2K+ 120Hz高刷屏超帧超画引擎 游戏5G旗舰手机 一瞬青 12GB+256GB,满3000-100
799.00,"爱心东东
新款星盖世X13Pro真八核超薄智能手机可用5G移动联通电信卡4g全网通百元便宜学生智能备用老人机 尊贵黑【8+256GB】",券799-200
3798.00,华为Mate40E 5G手机 全网通 支持鸿蒙系HarmonyOS 釉白色 8G+256G 碎屏险套装版,自营
6899.00,"拍拍
激活未使用Apple iPhone 14 Pro (A2892) 苹果14 Pro二手手机5G 暗紫色 128G全网通 准新",券2000-140
599.00,华为HMS 新品灵动岛256G智能手机可用5g卡大屏超薄便宜,零售
2588.00,"拍拍
华为 HUAWEI P40 Pro 5G全网通 5000万徕卡四摄 50倍数字变焦 二手手机 亮黑色【赠3C认证快充】 8GB+256GB全网通 99成新",券2000-140
5299.00,华为Mate50 Pro 曲面旗舰 超光变XMAGE影像 北斗卫星消息 256GB 冰霜银 华为鸿蒙,自营
2099.00,vivo iQOO Neo6礼盒 12GB+256GB 蓝调 全新一代骁龙8 独立显示芯片Pro 双电芯80W闪充 双模5G全网通,自营
1619.00,"拍拍
huawei 华为Mate30 4G5G 麒麟990 8G+128G 亮黑色 4000万莱卡 95新 亮黑色 8G+128G (5G版) 95成新",券500-25
3799.00,"拍拍
Apple iPhone13 苹果13 原装国行 苹果13二手 二手苹果13 二手全面屏手机 5G 午夜色【店长推荐】 95新 128G 原装电池屏幕（送购机大礼包）",券3000-210
5999.00,HUAWEI Mate 50 Pro 曲面旗舰 超光变XMAGE影像 北斗卫星消息 256GB 曜金黑 华为鸿蒙,自营
1399.00,荣耀 HONOR X40i 7.43mm超薄全视屏 钻彩星河设计 40W超级快充 5000万超清影像 5G 8GB+256GB 玫瑰星河,自营
6959.00,Apple iPhone 14 Plus (A2888) 256GB 星光色 支持移动联通电信5G 双卡双待手机Apple,自营
3779.00,华为Mate40E 5G手机 全网通 支持鸿蒙系HarmonyOS 釉白色 8G+256G 碎屏保套装,自营
1088.00,荣耀x40i 新品5G手机 手机荣耀 玫瑰星河 【官方标配】8+128G全网通,免邮
6088.00,【24期|免息】华为P50pocket折叠屏 翻盖折屏 新品手机HarmonyOS鸿蒙系统 曜石黑8G+256G 官方标配+原装充电套装,新品
3799.00,【现货速发】华为智选P50 5G新品手机黑色8G+256GB,零售
2739.00,"拍拍
三星Galaxy S22 5G 5000万像素广角镜头 小屏旗舰 手机 羽梦白【展示机-99新】 8GB+256GB",品质认证
599.00,Redmi 10A 5000mAh大电量 1300万高清相机 八核处理器 手机红米小米 月光银 4GB+64GB,零售
1599.00,荣耀X40 120Hz OLED硬核曲屏 5100mAh 快充大电池 7.9mm轻薄设计 5G手机 8GB+256GB 彩云追月,自营
5000.00,"拍拍
Apple 苹果 iPhone 14 (A2884) 支持移动联通电信5G 双卡双待二手手机 紫色 128GB 准新",券2000-140
2599.00,"爱心东东
小米 红米K60E 新品5G手机 墨羽 12G+256G",满2598-800
4399.00,魅族 20 PRO 12GB+256GB 破晓灰 第二代骁龙8旗舰芯片 5000mAh电池 支持50W无线超充 超薄机身设计 5G,自营
949.00,小米 Redmi 红米note11 5G新品手机 微光晴蓝 8GB+128GB,零售
1698.00,中兴Axon 40 Pro 吴京代言 高通骁龙870 一亿像素高清影像 144HZ屏 66W快充 8GB+256GB晶雾蓝 双模5G拍照,自营
5809.00,"拍拍
Apple iPhone 13 Pro 支持移动联通电信苹果5G 二手手机 国行 远峰蓝 128G",京东物流
3099.00,OPPO 一加 Ace 2 16GB+256GB 浩瀚黑 1.5K灵犀触控屏 超帧超画引擎 5G游戏电竞,自营
1299.00,"爱心东东
华为畅享60 华为新品手机 冰晶蓝 8G+128G",满999-180
1899.00,OPPO K11x 8GB+256GB 墨玉 1亿超清影像,自营
1319.00,"拍拍
Apple iPhone X 苹果x二手手机 学生机备用机 银色 64G",京东物流
6399.00,"拍拍
Apple iPhone 14 Pro 苹果14pro 全网通 支持移动联通电信5G 双卡双待手机 暗紫色 128GB 95新",券5000-350
3099.00,【现货速发】OPPO 一加Ace 2新品5G手机满血版骁龙8+OnePlus1+ace2全网通游戏 冰河蓝 16GB+256GB 5G全网通 官方标配,免邮
4888.00,"爱心东东
华为p50pro 手机 曜金黑 8+256GB 全网通（华为原装66W充电套装）",免邮
1699.00,OPPO A1 Pro 朝雨蓝 8GB+128GB 1亿高像素 120Hz OLED双曲屏 67W超级闪充 全场景智能NFC 5G,自营
5999.00,索尼（SONY） Xperia 1 IV 5G手机 4K 高刷全面屏 Vlog拍照手机 暮霞紫 官方标配 12GB+256GB,零售
3699.00,OPPO 一加 11 12GB+256GB 一瞬青 第二代骁龙 8 哈苏影像 2K + 120Hz 高刷屏 超帧超画引擎 游戏5G旗舰,自营
4888.00,华为P60手机 超聚光XMAGE影像 双向北斗卫星消息 256GB 羽砂黑 鸿蒙系统曲面屏 智能旗舰,自营
2118.00,"拍拍
华为 HUAWEI Mate 30 Pro 二手手机 麒麟990芯片 5G全网通 亮黑色 8GB+128GB【5G版全网通】 99新",京东物流
6799.00,"爱心东东
华为mate40 Pro/mate40epro 新品5G手机 亮黑色8G+512G 5G版全网通",零售
2719.00,小米12S 5G新品手机 紫色 8GB+256GB,免邮
159.00,【自营 放心购】4G全网通老人手机 大字大声大按键 超长待机,自营
1499.00,小度青禾学习手机V20 灵机大模型 家长管控 AI老师 青少年定制系统 小初高同步课 学生护眼儿童礼物 朝气蓝壳,自营
1238.00,vivo Y53t 8GB+256GB 黑松露 双模5G 全网通智能拍照手机 5000mAh大电池 长续航 vivo合约机 移动用户专享,自营
1849.00,华为nova10SE手机 一亿像素质感人像 4500mAh长续航 轻薄机身256GB 薄荷青,自营
1008.00,"拍拍
苹果8Plus手机 Apple iPhone 8Plus 苹果8P 二手手机 二手9成新 深空灰色 64G全网通 9成新",券1000-70
3728.00,"拍拍
小米 MIX FOLD 折叠屏手机 5G全网通 2K+折叠屏 骁龙888 二手手机 12+256 黑色 【FOLD】 5G 99新",免邮
6999.00,vivo X90 Pro+ 12GB+512GB 原黑 蔡司一英寸T*主摄 自研芯片V2 第二代骁龙8移动平台 5G 拍照,自营
4699.00,Apple iPhone 13 mini (A2629) 128GB 午夜色 手机 支持移动联通电信5G,自营
2899.00,realme真我GT2大师探索版 骁龙8+旗舰芯 新一代X7独显芯片 5000mAh+100W光速秒充 12GB+256GB 苍岩 5G,自营
8788.00,"爱心东东
华为matexs2 折叠旗舰手机 雅黑 8G+256G",京东物流
699.00,小米红米Redmi 手机10A 八核处理器 1300万AI相机 指纹解锁 5000mAh长续航 暗影黑 4GB+64GB,满699-121
3499.00,"爱心东东
小米12s Pro 骁龙8+ 徕卡专业光学镜头 5G智能拍照手机 5000万疾速影像 黑色 8GB+256GB",免邮
1499.00,华为畅享 60 Pro 5000mAh长续航 40W快充 6.8英寸无界全视屏 双卡双待 128GB 曜金黑 鸿蒙智能HUAWEI,自营
3799.00,vivo iQOO 11新品5G电竞手机第二代骁龙8 120W闪充 E6全感屏vivoiqoo11 传奇版 12G 256G,免邮
1658.00,realme 真我GT Neo2 5G手机 全网通版 双卡双待 黑薄荷 8GB+256GB,赠
1399.00,vivo Y77 旗舰级80W双芯闪充 6nm天玑930 120Hz适眼原色屏 5G手机 夏日听海 8GB+128GB,京东物流
5077.00,Apple/苹果13 iPhone13 5G全网通 游戏拍照 颜值年轻时尚手机直播手机 iPhone13 粉色 256G 全新未激活 未使用,品质溯源
4569.00,"拍拍
Apple iPhone 苹果12 Pro 二手手机 支持移动联通电信5G 双卡 优品 95新海蓝色 256GB",券1000-350
2399.00,三星 SAMSUNG Galaxy A54 5G手机 大角度OIS光学防抖 IP67级防尘防水 5000mAh大电池 8GB+128GB 雪雾白,自营
2549.00,vivo iQOO Neo7竞速版 8GB+256GB 波普橙 骁龙8+旗舰芯片 独显芯片Pro+ 120W超快闪充 5G游戏电竞性能,自营
999.00,新款双面屏x14promax全网通5G超薄骁龙智能手机512GB大内存电竞游戏学生魅紫855高性价比 白色【10+512GB】,零售
3099.00,小米12S 5G手机 骁龙8+ 徕卡专业光学镜头 5000万疾速影像 120Hz高刷 白色 12GB+256GB,免邮
6169.00,Apple iPhone 14 支持移动联通电信 双卡双待全网通5G手机 256GB 蓝色 SC,自营
699.00,金立G14ProMax 八核256GB智能手机 超薄大屏电竞游戏4G全网通 双卡双待学生安卓百元老人机长续航 蓝色,自营
1799.00,vivo iQOO Z7新品120W闪充 高通骁龙782G 6400万像素防抖 5G全网通智能手机 12GB+256GB 无限橙 官方标配,零售
2799.00,"爱心东东
【闪降300】vivo iQOO Neo7竞速版 新品5G手机 骁龙8+旗舰芯片爱酷120W超快闪充 几何黑 12+256GB",免邮
3009.00,"拍拍
Apple iPhone 12 苹果12 双卡双待国行通 5G二手手机 二手5G手机 游戏手机 白色 128G 全网通 95新",券1000-250
7399.00,"拍拍
Apple 苹果 iPhone 14 Pro Max (A2896) 二手手机 5G全网通 深空黑色 128G",券4000-500
4709.00,"拍拍
Apple iPhone 苹果12 Pro Max 二手手机 支持移动联通电信5G 学生机 国行 石墨色 128",券1000-450
788.00,"拍拍
华为 HUAWEI nova5Pro麒麟980芯片4800万像素 二手手机 华为手机 95新 亮黑色 8G+128G【95新】",京东物流
2299.00,vivo iQOO Neo8 骁龙8+ 144Hz护眼直屏 自研芯片V1+ 120W闪充5G游戏手机 12GB+256GB 夜岩 官方标配,零售
1699.00,"拍拍
华为P40 5G huawei 麒麟990 二手华为5000万超感知徕卡三摄 30倍数字变焦95新 亮黑色 8G+128G (5G-送40W快充) 95成新",券500-25
258.00,"拍拍
OPPO R9s 二手手机 安卓智能游戏手机 全网通 r9s 玫瑰金 4G+64G 全网通 9成新",跨店每满300-50
2499.00,vivo S16 高通骁龙870 前置5000万追焦人像 原彩柔光环 66W闪充 5G 拍照 手机 颜如玉 8GB 256GB,京东物流
2799.00,vivo S17 前置5000万广角柔光 后置智慧柔光环 1.5K超视网膜屏 5G 快充 拍照 手机 山海青 12GB 256GB,京东物流
3299.00,荣耀80 GT 骁龙8+旗舰芯 超帧独显芯片 120Hz原画超帧屏 IMX800主摄 5G手机 光雨流星 12G+256GB,满3299-800
4399.00,魅族 20 PRO 12GB+256GB 破晓灰 第二代骁龙8旗舰芯片 5000mAh电池 支持50W无线超充 超薄机身设计 5G,自营
1718.00,"拍拍
华为 HUAWEI P40 二手手机 二手华为手机 麒麟990 5G全面屏安卓智能 拍照游戏 冰霜银【赠3C认证快充】 8GB+128GB 99成新",免邮
5959.00,"拍拍
苹果13Pro Apple iPhone 13Pro 全网通5G 双卡双待 二手苹果手机 远峰蓝色{评价有礼} 256G全网通【送快充套装】 99新 [评价有礼]",券5000-350
7099.00,"拍拍
Apple iPhone 14Pro 苹果14pro 二手手机 5G手机 国行全网通 二手苹果手机 暗夜紫【评价有礼】 256G[赠快充礼包] 准新 仅激活未使用",券5000-350
4099.00,"拍拍
【准新机】OPPO 一加 11 二手手机5G电竞游戏1+11 第二代骁龙 8 哈苏影像拍照 2K 一加 11 木星岩 16GB+512GB 准新",券1000-70
3699.00,"拍拍
华为 HUAWEI mate40 Pro（5G）安卓智能 备用机 二手手机 二手华为手机 秘银色 8+256G",券1000-380
4099.00,努比亚 nubia 红魔8Pro全面屏下游戏手机 8GB+256GB暗夜骑士 第二代骁龙8 6000mAh电池 80W快充 5G电竞,自营
6609.00,"拍拍
Apple iPhone 13 Pro Max 苹果13 ProMax 二手手机 5G 国行双卡双待 远峰蓝色 256GB 99成新",券5000-350
1298.00,【现货速发】小米 红米Note11T Pro/Pro+ Redmi新品5G手机 原子银 6+128GB Note11TPro（67W快充）,满1200-10
285.00,"拍拍
华为 畅享8 二手手机备用机老人手机 安卓全网通4G 双卡双待 黑色 4GB+64GB（9成新）",券500-35
1598.00,【白条套装可选】OPPO 一加 Ace 竞速版 5G手机 天玑8100-MAX 游戏稳帧引擎 光速蓝 全网通 8GB+256GB 官方标配【享90天碎屏险】,零售
303.00,"拍拍
OPPO A5 二手手机 安卓全面屏拍照 游戏手机 移动联通电信4G OPPO手机 工作机 9新 蓝色 4G+64G全网通",京东物流
1499.00,华为畅享 60 Pro 5000mAh长续航 40W快充 6.8英寸无界全视屏 双卡双待 128GB 曜金黑 鸿蒙智能HUAWEI,自营
4988.00,"爱心东东
华为p60 新品手机 羽砂黑 全网通8GB+256GB【碎屏险套装】",新品
4499.00,HUAWEI Mate 50 直屏旗舰 超光变XMAGE影像 低电量应急模式 256GB曜金黑,自营
3598.00,小米 红米k60pro 新品5G手机 12GB+256GB墨羽 全网通【碎屏险+好评红包】,免邮
858.00,"拍拍
OPPO Reno3 Pro 二手手机 5G全网通骁龙765G 6.5英寸曲面屏拍照双防抖 95新 月夜黑 8GB+128GB",券500-25
2479.00,"拍拍
Apple iPhone 苹果12 mini 手机 二手手机 支持移动联通电信5G 学生机 黑色 128GB",京东物流
589.00,华为HMS 8+256GB智能手机 八核超薄学生大屏老人机,零售
935.00,小米（MI）Redmi Note 11 5G 5000mAh大电池 立体声双扬声器 8GB+ 128GB 神秘黑境 智能 小米 红米,自营
2109.00,"拍拍
苹果11promax Apple iPhone11pro max 国行11pm双卡双待 二手游戏手机 11Pro 【暗夜绿色】 64GB 9成新",券1000-70
1999.00,"爱心东东
华为畅享60x 新品手机 曜金黑 8+256GB全网通",新品
1549.00,荣耀 HONOR 荣耀X30全网通5G手机8GB+256GB 魅海蓝,自营
2649.00,【现货速发】OPPO 一加 Ace 2 OnePlus新品手机1+一加ace2 冰河蓝 16GB+256GB 官方标配,免邮
2399.00,三星 SAMSUNG Galaxy A54 5G手机 大角度OIS光学防抖 IP67级防尘防水 5000mAh大电池 8GB+128GB 雪雾白,自营
4488.01,"爱心东东
华为p60 手机【pro/Art版本店内可选】 双向北斗卫星消息 洛可可白 128G【90天碎屏险+50晒单红包】",新品
5518.00,"拍拍
华为 HUAWEI MateXs/Mate X 5G全网通 折叠屏 麒麟990 二手手机 Mate XS星际蓝 8GB+512GB 99成新",券5000-350
569.00,小米手机红米9A 智能老人手机 4G全网通 湖光绿 4+64G 官方标配,自营
1189.00,"拍拍
苹果x Apple iPhone X 二手手机 苹果手机 iphonex 移动联通电信4G 银白色 64G 全网通（品牌20W快充） 9成新",券1000-70
1099.00,vivo Y53t 新品上市 5000mAh大容量电池 后置1300万影像 学生老人手机 黑松露 8GB 128GB,京东物流
1399.00,荣耀X40 120Hz OLED硬核曲屏 5100mAh 快充大电池 7.9mm轻薄设计 5G手机 6GB+128GB 彩云追月,自营
6499.00,OPPO Find X6 Pro 16GB+512GB 大漠银月 超光影三主摄 哈苏影像 100W闪充 第二代骁龙8旗舰芯片 5G拍照,自营
3799.00,vivo X90 4nm天玑9200旗舰芯片 自研芯片V2 120W双芯闪充 蔡司影像 5G手机 冰蓝 8GB 256GB,京东物流
170.00,"拍拍
vivo Y66 智能安卓手机 备用机 工作机 老人机 二手手机 金色 3GB+32GB 9成新",跨店每满300-50
7499.00,荣耀Magic Vs 折叠屏 第一代骁龙8+移动平台 5000mAh大电池 66W超级快充 5G手机 8GB+256GB 亮黑色,自营
5599.00,Apple iPhone 14 (A2884) 256GB 星光色 支持移动联通电信5G 双卡双待手机【活动】,自营
2059.00,华为可另选 荣耀X50i 5G手机 一亿像素超清影像 轻羽灵感设计 幻夜黑 12GB+256GB,零售
1449.00,华为智选Hi nova 9 5G全网通120Hz高刷hinova9后置5000万超感光主摄 66W超级快充 8+128GB亮黑色 标配无充,自营
598.00,华为（HUAWEI） 畅享20 5G通手机 闪拍6.6英寸 5000Mah电池 畅玩20 畅玩20【幻夜黑】 4GB+64GB,零售
1599.00,华为手机畅享60X 7000毫安大电池长续航 6.95英寸 影音大屏 128GB 曜金黑 鸿蒙智能,自营
1109.00,"拍拍
小米10双模5G 骁龙865 1亿像素8K电影相机 对称式立体声全面屏游戏二手5g 钛银黑【赠3C认证快充】 8GB+128GB全网通 95新",品质认证
5399.00,vivo iQOO 11Pro 200W闪充 2KE6全感屏 第二代骁龙8 自研芯片V2 电竞手机 16GB+512GB 赛道版 官方标配,京东物流
2998.00,BIG WALNUT大核桃B1智能三防手机夜视防水双5G全网通机场铁路巡检终端支持POC公网对讲 8+128G,零售
1578.00,"拍拍
苹果11二手手机 Apple iPhone 11国行全网通 双卡双待 游戏手机 黑色【店长推荐】 64G全网通（配件礼包+快充） 9成新",京东物流
1049.00,"拍拍
【焕新机】Apple iPhone 8 Plus 苹果8plus二手手机 大陆国行备用机学生机 金色 64G",京东物流
8099.00,"拍拍
激活未使用Apple iPhone 14 ProMax 苹果14 Pro Max 二手手机5G 暗紫色 256GB 全网通 准新",免邮
3499.00,OPPO 一加 Ace 2 满血版骁龙8+旗舰平台 1.5K灵犀屏 超帧超画引擎 5G游戏电竞手机 浩瀚黑 16GB+512GB,券2000-200
939.00,小米（MI）Redmi Note12 骁龙4移动平台 OLED高刷屏 6GB+128GB 镜瓷白 小米红米 5G智能游戏,自营
4099.00,努比亚 nubia 红魔8Pro全面屏下游戏手机 8GB+256GB暗夜骑士 第二代骁龙8 6000mAh电池 80W快充 5G电竞,自营
508.00,"爱心东东
FIGI 2023新款智能手机256G游戏可用5G卡老年人学生安卓拍照备用长续航超薄便宜4G全网通 月影黑【6+64GB】",京东物流
2409.00,"拍拍
Apple iPhone XS MAX 苹果 xs 苹果 xsmax 4G全网通 国行 二手苹果手机 深空灰【为您推荐】 Xsmax256G【升级版+品牌电池100%】 99新【尖货】",券2000-140
2149.00,华为畅享 60X 7000mAh长续航 6.95英寸 影音大屏 8GB+512GB 丹霞橙 鸿蒙智能HUAWEI 深圳移动,自营
5129.00,"拍拍
Apple iPhone12 Pro Max(A2412)苹果12ProMax二手手机99新 海蓝色 256G全网通【品牌电池100 20W PD闪充】",品质认证
3749.00,"拍拍
Apple iPhone12Pro 苹果12 Pro 原装国行5G手机 全网通 苹果手机 二手手机 海蓝色{可选品牌电池效率100%} 128G全网通 [评价有礼] 95新",券500-35
2199.00,小米Redmi note12 Turbo红米手机第二代骁龙7+ 超细四窄边OLED直屏6400万像素 碳纤黑 12GB+512GB,零售
3759.00,"拍拍
苹果13 Apple iPhone13 苹果13二手 游戏手机 国行5G手机 二手苹果手机 午夜色 95新 128G【品牌20W闪充】",券1000-70
1079.00,Redmi Note 11 5G 天玑810 5000mAh大电池 立体声双扬声器 8GB+256GB 浅梦星河 优选,自营
8499.00,Apple iPhone 14 Pro Max (A2896) 256GB 暗紫色 支持移动联通电信5G 双卡双待手机Apple,自营
953.00,"拍拍
华为 HUAWEI p30 麒麟980全面屏智能安卓学生游戏 二手手机 亮黑色【赠3C认证快充】 8G+128G全网通 95成新",免邮
1799.00,"爱心东东
联想 拯救者手机Y70 5G 电竞游戏手机 骁龙8+Gen1芯片 钛晶灰 8GB+128GB",免邮
1599.00,vivo iQOO Z7 新品5G手机骁龙782G芯片120W闪充6400万像素光学防抖iqooz7 深空黑【标配版】 8G+256GB,零售
399.00,全新2023超薄便宜智能手机64GB大屏学生老人机长续航游戏可5G移动联通电信卡百元备用机全网通 深灰色,自营
7668.00,Apple 苹果 iphone 14 pro max 全网通5G手机 暗紫色 128G,免邮
8399.00,Apple 苹果 iPhone 14 ProMax 苹果14promax 全网通5G手机 暗紫色 128G 官方标配：12期无息,零售
1319.00,"拍拍
苹果xr Apple iPhone XR x 二手手机 二手苹果手机 全面屏 游戏 全网通 双卡双待 黑色【靓机推荐】 64G 全网通（赠20w快充） 9成新",券1000-70
2799.00,OPPO 一加 Ace 2V 天玑9000平台 1.5K灵犀触控直屏 游戏5G手机新品 16+512GB青釉 官方标配,新品
589.00,华为HMS 8+256GB智能手机 八核超薄学生大屏老人机,零售
1369.00,"拍拍
华为 HUAWEI Mate 30 4G 安卓智能 华为二手手机 亮黑色 6G+128G",券100-60
606.00,"拍拍
华为 HUAWEI P20 AI智慧 全面屏 双卡双待 4G全网通版 二手游戏手机 亮黑色 6G+128G 全网通 95成新",免邮
3529.00,"拍拍
华为 HUAWEI Mate 50 二手手机 曜金黑 8G+256G",京东物流
1572.00,华为智选手机 Hi nova9Pro 5G全网通 100W超级快充 8+128GB梦幻罗兰,自营
155.00,"拍拍
OPPO A37 二手手机 备用机 工作机 安卓智能手机 玫瑰金 2G+16G全网通 9成新",跨店每满300-50
25800.00,立减1388元，再返2000——VERTU新品手机,零售
1499.01,"爱心东东
【1339起】荣耀x40 新品5G手机 手机荣耀 幻夜黑 6G+128G【官方标配】",免邮
159.00,金立（Gionee）V15 4G老人手机自营旗舰店 全网通4G移动联通电信 学生大屏老年机超长待机 红色,自营
2099.00,"爱心东东
华为nova10se 新品手机华为 10号色 256G【全网通】",满1999-220
2799.00,"爱心东东
华为nova11 新品手机 11号色 256GB全网通",新品
8899.00,Apple iPhone 14 Pro (A2892) 256GB 深空黑色 支持移动联通电信5G 双卡双待手机Apple,自营
2199.00,小米Redmi note12 Turbo红米手机第二代骁龙7+ 超细四窄边OLED直屏6400万像素 碳纤黑 12GB+512GB,零售
3069.00,"拍拍
华为（HUAWEI） P50 Pro （4G） 高通版 骁龙处理器 二手手机 曜金黑 8G+256G",券1000-300
999.00,realme 真我10s 5G手机 5000mAh大电池学生老人智能手机 全网通 8GB+256GB 流光蓝 官方标配,京东物流
1829.00,"拍拍
Apple iPhone XS 苹果xs手机 二手手机 学生机备用机 金色 256G",京东物流
1278.00,"爱心东东
小米Redmi 红米Note11tpro 5G手机 天玑8100 144HzLCD旗舰直屏 时光蓝 6GB+128GB",免邮
4149.00,"拍拍
Apple 苹果13 iPhone 13 移动联通电信苹果5G 二手手机 国行 二手苹果手机 粉色 128G",券3000-460
2499.00,【立减50+现货】OPPO Reno10系列新款5G手机opporeno10长续航全网通拍照游戏 Reno10 溢彩蓝 8GB+256GB 官方标配 【2年延保+30红包】,零售
230.00,"拍拍
OPPO R9s/r9sk 二手手机 安卓智能游戏 老人机 备用机 工作机 直播美颜手机 全网通 黑色 4G+64G 全网通 9成新",券500-25
6679.00,"拍拍
Apple 苹果 iPhone 14 Pro (A2892) 二手手机 5G全网通 双卡 深空黑色 128G",券4000-540
4988.00,华为/HUAWEI P60 超聚光XMAGE影像 双向北斗卫星消息 256GB 羽砂紫 鸿蒙曲面屏 智能旗舰,自营
3399.00,魅族 20 第二代骁龙8旗舰芯片 144Hz电竞直屏 支持67W快充 超薄机身设计 5G手机 定胜青 12+256GB,新品
7999.00,Apple 苹果 iPhone 14Pro A2892 苹果14pro 5G手机 暗紫色 256G 套装一：搭配90天碎屏保障,零售
699.00,【京东自营】8核+256G 灵动屏智能手机超薄大屏学生老人机,自营
1699.00,【仅1479起】OPPO K11x新品5g手机oppo游戏智能机120Hz竞速屏大内存大电池长续航 K11x 珠光 8G+256G 5G全网通 官方标配【2年联保】,新品
1089.00,OPPO K10x 8GB+128GB 极光 67W超级闪充 5G长续航 120Hz高帧屏 6400万三摄 OPPO,自营
1799.00,realme真我11 Pro 2160Hz旗舰曲面屏 天玑7050旗舰芯 1亿像素街拍相机 8GB+256GB 日出之城 5G,自营
2048.00,"拍拍
华为 HUAWEI Mate 30 Pro 二手手机 二手华为手机 麒麟990芯片4G/5G全网通 亮黑色【赠3C认证快充】 8GB+128GB【5G版全网通】 99成新",券1000-70
2949.00,"拍拍
华为 Mate40 二手5G手机 二手安卓手机 华为 二手手机 釉白色 8G+128G",京东物流
25800.00,立减1388元，再返2000——VERTU新品手机,零售
3229.00,"拍拍
Apple 苹果 iPhone 12 手机 二手手机 苹果手机 国行 优品 95新绿色 128GB",券1000-350
2999.00,"拍拍
华为 HUAWEI Mate30 Pro（5G版）安卓智能 二手手机 星河银 8G+256G",京东物流
1598.00,中兴Axon 40 Pro 高通骁龙870 一亿像素高清影像 8GB+256GB晶雾蓝 双模5G拍照,自营
1399.00,【小米严选】红米Note12 Pro 极速版 新品5G手机 Redmi手机 骁龙778G 子夜黑 8+256GB,零售
2899.00,"拍拍
苹果12 Apple iPhone12 苹果12二手 游戏手机 5G手机 二手苹果手机 国行双卡双待 黑色 128G全网通 品牌电池100% 99成新",券2000-140
699.00,【热销1万+】8+256GB智能手机 八核超薄学生大屏老人机,零售
1099.00,荣耀Play7T 6000mAh 长续航 8.27mm轻薄机身 6.74英寸高刷护眼屏 5G手机 8GB+128GB 钛空银,自营
3299.00,OPPO Reno9 Pro+ 16GB+256GB 碧海青 骁龙8+芯片 80W超级闪充 120Hz 超清曲面屏 OPPO 5G,自营
600.00,小米Redmi 红米10A 5000mAh大电池 智能老人手机 烟波蓝 4GB+64GB【官方标配】,零售
7149.00,"拍拍
激活未使用Apple iPhone 14 Pro (A2892) 苹果14 Pro二手手机5G 暗紫色 256GB 全网通 准新",免邮
939.00,"拍拍
荣耀（HONOR）荣耀50/荣耀50se 1亿像素旗舰手机 黑色5G 120Hz高刷 全网通 9新 荣耀50se【流光幻境】 8G+128G (5G) 9成新",券500-25
699.00,【京东自营】8核+256G 灵动屏智能手机超薄大屏学生老人机,自营
2299.00,vivo iQOO Neo8新品5G手机iqooneo8电竞游戏手机 vivo手机neo7升级款手机 夜岩 12G+256G,新品
2499.00,OPPO Reno9新品上市opporeno9全网通oppo手机Reno8升级9Pro+5g Reno9微醺(256+8) 全网通标配,京东物流
8224.00,"拍拍
Apple iPhone 14 Pro Max (A2896) 苹果14 ProMax 二手手机5G 暗紫色 256GB 准新",券5000-350
188.00,"拍拍
OPPO A57 二手手机 游戏手机 二手oppo 手机oppo 全面屏手机 oppoa57 玫瑰金 3G+32G【9新】",京东物流
1078.00,"拍拍
OPPO Reno3 Pro 双模5G 90HZ高感曲面屏 游戏智能拍照美颜 二手手机 95新成色 reno3pro月夜黑 12G+256G【5G全网通】",券500-25
2109.00,现货速发】荣耀X50i 5G手机 指纹解锁店内有售华为手机,零售
1839.00,"拍拍
华为 HUAWEI P40（5G） 安卓智能 华为 二手手机 零度白 8G+128G",京东物流
2129.00,"拍拍
Apple 苹果 iPhone 11 仅更换品牌电池 二手手机 优品 95新白色 64GB",券1000-20
506.00,"拍拍
HUAWEI 华为P20 二手手机 安卓手机 4G全网通双卡双待 华为P20 亮黑色 6GB+64G全网通 95成新",券500-35
1138.00,"拍拍
华为 HUAWEI P30/P30 pro 麒麟980 二手手机 95新成色 天空之境(P30 Pro) 8G+128G",券1000-50
278.00,"拍拍
vivo X9 智能手机 安卓游戏手机 全网通 二手手机 金色 4G+64G 全网通 9成新",跨店每满300-50
2377.00,【现货速发】华为畅享20Plus 5G全网通手机,零售
539.00,HONOR荣耀 畅玩20 手机 双卡双待 5000mAh大电量长续航 老人老年智能机大字体大音量 幻夜黑 4G+64G,免邮
5399.00,Apple iPhone 14 128GB 蓝色A2884手机 支持移动联通电信5G MPVG3CH/A【企业客户专享】,自营
2999.00,华为另可选 荣耀80 新品5G手机 屏幕指纹1.6亿像素主摄 亮黑色 12GB+256GB,满999-100
1009.00,"拍拍
华为 HUAWEI p30 二手手机 麒麟980全面屏智能安卓学生游戏手机 亮黑色 8GB+128GB(赠3C认证充电套装) 95新",京东物流
2879.00,"拍拍
华为 HUAWEI P40 Pro+ 5G手机 华为 二手手机 陶瓷黑 8G+256G",品质认证
5558.00,Apple iPhone 13 苹果13支持移动联通电信5G 原装未激活 双卡双待手机 苹果13 午夜黑色 6.1寸 256G 【原装未激活】店保1年,品质溯源
2229.00,"拍拍
华为 HUAWEI P40 Pro(5G) 安卓智能 华为 二手手机 零度白 8G+128G",京东物流
2299.00,"爱心东东
荣耀70 5G手机全网通 墨玉青 12GB+256GB",免邮
3949.00,OPPO 一加11 新品5G手机 木星岩新版本 一瞬青 全网通 12GB+256GB 官方标配,免邮
4269.00,"拍拍
Apple 苹果13 iPhone 13 移动联通电信苹果5G 二手手机 优品 粉色95新 128G",京东物流
1899.00,Redmi Note 12 Turbo 5G 第二代骁龙7+ 超细四窄边OLED直屏 6400万像素 12GB+256GB碳纤黑 智能 小米红米,自营
588.00,"拍拍
OPPO R17手机 2500万美颜 6.4英寸水滴屏 拍照手机 OPPO手机 二手手机 95新 流光蓝 6G+128G【95新】",京东物流
2618.00,"拍拍
华为 HUAWEI P40Pro 5G 5000万徕卡四摄 50倍数字变焦全网通二手手机 99新成色 亮黑色 8+256G 全网通",券1000-50
2799.00,"爱心东东
华为nova11 新品手机 11号色 8G+256G 官方标配",新品
1799.00,荣耀X40 GT 骁龙888旗舰芯 144Hz高刷电竞屏 66W超级快充 5G手机 8GB+128GB 竞速黑,自营
2499.00,realme真我GT2大师探索版骁龙8+处理器独显芯片X7 5000mAh电池100W光速秒充 硬箱·旷野 8GB +256GB,零售
5139.00,"拍拍
Apple iPhone13 Pro 苹果13 Pro二手手机 国行全网通 5G 双卡双待 远峰蓝 128G全网通 全部原装（赠配件大礼包） 95成新",京东物流
4179.00,"拍拍
【官翻机-准新】三星Galaxy Note20 Ultra 5G手机 专业视频拍摄 spen 曜岩黑 12GB+ 256GB",品质认证
6449.00,"拍拍
Apple iPhone 13 Pro Max 支持移动联通电信苹果5G 二手手机 国行 远峰蓝色 128G",券3000-570
2489.00,"拍拍
Apple苹果 iphone se3 全网通 5G 国行 二手手机 午夜色 128G",京东物流
2929.00,OPPO 一加 Ace 2 新品5G手机 满血版骁龙8+ ace2游戏电竞手机 原神限定版可选 浩瀚黑 16GB+512GB 官方标配,免邮
1499.00,OPPO K11x 5G手机 1亿超清影像 67W超级闪充 5000mAh超长续航 墨玉 8GB+128GB,新品
6499.00,摩托罗拉moto razr 2022 无缝准镜面折叠 内外大双屏 全新骁龙8+不妥协的主力折叠旗舰 8GB+256GB 锋雅黑,自营
6599.00,"拍拍
Apple iPhone 14 Pro (A2892) 苹果14 Pro二手手机5G 二手苹果手机 暗紫色 128GB 99成新",券2000-140
1598.00,"爱心东东
小米 红米Note11T Pro Redmi新品5G手机 奶盐白 8+128GB 官方标配",免邮
2929.00,OPPO 一加 Ace 2 满血版骁龙8+处理器 专业渲染芯片 1.5K灵犀屏索尼旗舰5G游戏 冰河蓝16+256GB 官方标配,京东物流
3098.00,OPPO 一加Ace2 新品5G游戏手机 原神 骁龙8+旗舰平台 1.5K灵犀触控屏 超帧超画引擎 冰河蓝 全网通 16GB+256GB 官方标配,免邮
2599.00,小米 Redmi K60 E 天玑8200处理器 2K旗舰直屏 5G手机 幽芒 12GB+256GB,免邮
2059.00,华为可另选 荣耀X50i 5G手机 一亿像素超清影像 轻羽灵感设计 幻夜黑 12GB+256GB,满1699-60
1599.00,"爱心东东
华为nova10z 手机鸿蒙系统 麒麟710A芯片 幻夜黑 256G（含华为原装充电套装）",免邮
4499.00,摩托罗拉moto X30 Pro 新骁龙8+ 2亿像素 支持125W闪充50W无线充 144Hz曲面臻彩屏 5G 12GB+512GB 墨韵黑,自营
7049.00,"拍拍
Apple iPhone 14 Pro (A2892) 苹果14 Pro二手手机5G 二手苹果手机 暗紫色 256GB 准新",券5000-350
3699.00,摩托罗拉moto X40 第二代骁龙8 165Hz四曲臻彩屏 IP68防水 125W闪充 护眼黑科技 5G 12GB+256GB 墨晶黑,自营
5239.00,"拍拍
三星 SAMSUNG 心系天下W21 5G（SM-W2021）二手手机 折叠屏 骁龙865+ 99新 熠辉金 12G+512G 全网通5G【赠全新三星充电器】 99成新",免邮
798.00,"拍拍
Apple 苹果8 iPhone8 4G全网通 4.7英寸 二手苹果手机 手机 二手手机 灰色 64G【100%电池】9成新",券500-35
3858.00,"拍拍
华为 P50 pocket p50宝盒 p50pockets二手手机 4G双卡双待 p50折叠屏 P50 pocket 曜石黑 8+256GB 9新（建议购买碎屏保服务）",免邮
810.00,"拍拍
小米 红米 Note11 Note11pro Note11pro+ 5G 二手手机 安卓智能 99新 【note11】神秘黑境 6GB+128GB",免邮
1579.00,OPPO A97 12GB+256GB 深海蓝 双模5G 天玑810 5000mAh大电池 33W超级闪充 OPPO 5G,自营
1259.00,"拍拍
huawei 华为 Mate20X 麒麟980 5G 4G全网通 翡冷翠 8G+256G【95新】 宝石蓝（4G) 6GB+128GB 95成新",券500-25
4039.00,"拍拍
Apple iPhone 13 (A2634) 苹果13 二手手机5G 午夜色 128GB 99新",免邮
1808.00,"拍拍
华为 HUAWEI Mate30Pro麒麟990芯片4G/5G全网通二手手机 99新成色 亮黑色 8+128G（4G全网通）",券1000-50
2299.00,vivo iQOO Neo8 新品5G电竞手机iqooneo8 骁龙8+ 120W闪充 爱酷neo8 夜岩【标配版】 12+256,新品
1599.00,华为智选 Hi nova 9z 5G全网通手机 6.67英寸120Hz原彩屏hinova 6400万像素超清摄影 66W快充8GB+256GB亮黑色,自营
1198.00,realme真我10 Pro 120Hz超窄天际屏 一亿像素街拍相机 12GB+256GB 星曜之光 5G,自营
4299.00,"拍拍
【官翻机-准新】三星 Galaxy S21 Ultra 5G 1.08亿像素双模5G拍照游戏 幽夜黑 12GB+256GB",品质认证
4039.00,"拍拍
苹果13 Apple iPhone 13 二手手机 二手苹果手机 全面屏 国行双卡双待 5G手机 午夜色 128GB 99成新",券1000-70
3869.00,"拍拍
小米12S Ultra 骁龙8+ 二手手机 经典黑 12G+256G",券1000-40
2298.00,vivo iQOO Neo8 新品5G电竞游戏手机 iqooneo8 neo7升级款neo8 夜岩 12+256GB全网通 官方标配,新品
2189.00,小米 红米K50 5G手机 12GB+256GB墨羽 全网通,免邮
1219.00,vivo Y77 8+128GB 夏日听海 5G全网通智能手机 80W双芯闪充 6nm天玑930 120Hz原色屏 5000万超清影像,自营
4739.00,"拍拍
Apple iPhone 14 (A2884) 支持移动联通电信5G 双卡双待二手手机 紫色 128GB 99成新",券5000-350
1419.00,荣耀X40 5G新品手机 墨玉青 8+256G,免邮
1379.00,"拍拍
小米11 二手5G手机 骁龙888 白色8GB+256G 1亿像素 2K AMOLED四曲面柔性屏 烟紫 8G+256G (5G) 95成新",券500-25
1949.00,"京东国际
Apple苹果 iPhone SE (第二代) 64GB 黑色 移动联通电信4G手机 未激活无锁机",自营
1469.00,Redmi 红米Note12 5G 智能游戏拍照手机5000mAh大电池OLED屏幕 骁龙芯片 子夜黑 8GB+256GB,免邮
1409.00,"拍拍
小米11 手机 5G手机 小米 安卓 二手小米 二手手机 蓝色 8GB+256GB",京东物流
1549.00,华为nova10z手机【内置40W华为超级快充】6400万超清三摄 6.6英寸无界全视屏 256GB幻夜黑 华为鸿蒙,自营
2089.00,"拍拍
小米11 ultra手机 5G手机 小米 安卓 二手小米 二手手机 陶瓷黑 8GB+256GB",券1000-100
3538.00,"拍拍
【展示机-靓机】三星 Galaxy Z Flip3 5G 折叠屏 骁龙888 IPX8防水 折叠 月光香槟 8GB+256GB 95成新",品质认证
6199.00,Apple iPhone 14 (A2884) 256GB 紫色 支持移动联通电信5G 双卡双待手机#,自营
5387.00,华为Pocket S 新品折叠屏手机 薄荷绿 256GB 全网通,免邮
2499.00,荣耀90 2亿像素写真相机 零风险调光护眼屏 5000mAh轻薄长续航 冰羽蓝 12+256GB,新品
2399.00,华为智选 Hi nova 10 5G全网通 前置6000万4K超广角摄像头 6.88毫米超轻薄机身 8+256GB 曜金黑hinova,自营
1199.00,"拍拍
华为 HUAWEI P30 Pro二手手机 麒麟980曲面屏智能学生游戏手机 亮黑色 8G+128G(赠3C认证充电套装) 95成新",京东物流
3809.00,小米13 徕卡光学镜头 第二代骁龙8处理器 超窄边屏 全网通5G 小米手机 黑色 12GB+256GB,零售
5558.00,Apple iPhone 13 苹果13支持移动联通电信5G 原装未激活 双卡双待手机 苹果13 午夜黑色 6.1寸 256G 【原装未激活】店保1年,品质溯源
2229.00,"拍拍
华为 HUAWEI P40 Pro(5G) 安卓智能 华为 二手手机 零度白 8G+128G",京东物流
2299.00,"爱心东东
荣耀70 5G手机全网通 墨玉青 12GB+256GB",免邮
3949.00,OPPO 一加11 新品5G手机 木星岩新版本 一瞬青 全网通 12GB+256GB 官方标配,免邮
4269.00,"拍拍
Apple 苹果13 iPhone 13 移动联通电信苹果5G 二手手机 优品 粉色95新 128G",京东物流
1899.00,Redmi Note 12 Turbo 5G 第二代骁龙7+ 超细四窄边OLED直屏 6400万像素 12GB+256GB碳纤黑 智能 小米红米,自营
588.00,"拍拍
OPPO R17手机 2500万美颜 6.4英寸水滴屏 拍照手机 OPPO手机 二手手机 95新 流光蓝 6G+128G【95新】",京东物流
2618.00,"拍拍
华为 HUAWEI P40Pro 5G 5000万徕卡四摄 50倍数字变焦全网通二手手机 99新成色 亮黑色 8+256G 全网通",券1000-50
2799.00,"爱心东东
华为nova11 新品手机 11号色 8G+256G 官方标配",新品
1799.00,荣耀X40 GT 骁龙888旗舰芯 144Hz高刷电竞屏 66W超级快充 5G手机 8GB+128GB 竞速黑,自营
2499.00,realme真我GT2大师探索版骁龙8+处理器独显芯片X7 5000mAh电池100W光速秒充 硬箱·旷野 8GB +256GB,零售
5139.00,"拍拍
Apple iPhone13 Pro 苹果13 Pro二手手机 国行全网通 5G 双卡双待 远峰蓝 128G全网通 全部原装（赠配件大礼包） 95成新",京东物流
4179.00,"拍拍
【官翻机-准新】三星Galaxy Note20 Ultra 5G手机 专业视频拍摄 spen 曜岩黑 12GB+ 256GB",品质认证
6449.00,"拍拍
Apple iPhone 13 Pro Max 支持移动联通电信苹果5G 二手手机 国行 远峰蓝色 128G",券3000-570
2489.00,"拍拍
Apple苹果 iphone se3 全网通 5G 国行 二手手机 午夜色 128G",京东物流
2929.00,OPPO 一加 Ace 2 新品5G手机 满血版骁龙8+ ace2游戏电竞手机 原神限定版可选 浩瀚黑 16GB+512GB 官方标配,免邮
1499.00,OPPO K11x 5G手机 1亿超清影像 67W超级闪充 5000mAh超长续航 墨玉 8GB+128GB,新品
6499.00,摩托罗拉moto razr 2022 无缝准镜面折叠 内外大双屏 全新骁龙8+不妥协的主力折叠旗舰 8GB+256GB 锋雅黑,自营
6599.00,"拍拍
Apple iPhone 14 Pro (A2892) 苹果14 Pro二手手机5G 二手苹果手机 暗紫色 128GB 99成新",券2000-140
1598.00,"爱心东东
小米 红米Note11T Pro Redmi新品5G手机 奶盐白 8+128GB 官方标配",免邮
2929.00,OPPO 一加 Ace 2 满血版骁龙8+处理器 专业渲染芯片 1.5K灵犀屏索尼旗舰5G游戏 冰河蓝16+256GB 官方标配,京东物流
3098.00,OPPO 一加Ace2 新品5G游戏手机 原神 骁龙8+旗舰平台 1.5K灵犀触控屏 超帧超画引擎 冰河蓝 全网通 16GB+256GB 官方标配,免邮
2599.00,小米 Redmi K60 E 天玑8200处理器 2K旗舰直屏 5G手机 幽芒 12GB+256GB,免邮
2059.00,华为可另选 荣耀X50i 5G手机 一亿像素超清影像 轻羽灵感设计 幻夜黑 12GB+256GB,满1699-60
1599.00,"爱心东东
华为nova10z 手机鸿蒙系统 麒麟710A芯片 幻夜黑 256G（含华为原装充电套装）",免邮
4499.00,摩托罗拉moto X30 Pro 新骁龙8+ 2亿像素 支持125W闪充50W无线充 144Hz曲面臻彩屏 5G 12GB+512GB 墨韵黑,自营
7049.00,"拍拍
Apple iPhone 14 Pro (A2892) 苹果14 Pro二手手机5G 二手苹果手机 暗紫色 256GB 准新",券5000-350
3699.00,摩托罗拉moto X40 第二代骁龙8 165Hz四曲臻彩屏 IP68防水 125W闪充 护眼黑科技 5G 12GB+256GB 墨晶黑,自营
5239.00,"拍拍
三星 SAMSUNG 心系天下W21 5G（SM-W2021）二手手机 折叠屏 骁龙865+ 99新 熠辉金 12G+512G 全网通5G【赠全新三星充电器】 99成新",免邮
798.00,"拍拍
Apple 苹果8 iPhone8 4G全网通 4.7英寸 二手苹果手机 手机 二手手机 灰色 64G【100%电池】9成新",券500-35
3858.00,"拍拍
华为 P50 pocket p50宝盒 p50pockets二手手机 4G双卡双待 p50折叠屏 P50 pocket 曜石黑 8+256GB 9新（建议购买碎屏保服务）",免邮
810.00,"拍拍
小米 红米 Note11 Note11pro Note11pro+ 5G 二手手机 安卓智能 99新 【note11】神秘黑境 6GB+128GB",免邮
1579.00,OPPO A97 12GB+256GB 深海蓝 双模5G 天玑810 5000mAh大电池 33W超级闪充 OPPO 5G,自营
1259.00,"拍拍
huawei 华为 Mate20X 麒麟980 5G 4G全网通 翡冷翠 8G+256G【95新】 宝石蓝（4G) 6GB+128GB 95成新",券500-25
4039.00,"拍拍
Apple iPhone 13 (A2634) 苹果13 二手手机5G 午夜色 128GB 99新",免邮
1808.00,"拍拍
华为 HUAWEI Mate30Pro麒麟990芯片4G/5G全网通二手手机 99新成色 亮黑色 8+128G（4G全网通）",券1000-50
2299.00,vivo iQOO Neo8 新品5G电竞手机iqooneo8 骁龙8+ 120W闪充 爱酷neo8 夜岩【标配版】 12+256,新品
1599.00,华为智选 Hi nova 9z 5G全网通手机 6.67英寸120Hz原彩屏hinova 6400万像素超清摄影 66W快充8GB+256GB亮黑色,自营
1198.00,realme真我10 Pro 120Hz超窄天际屏 一亿像素街拍相机 12GB+256GB 星曜之光 5G,自营
4299.00,"拍拍
【官翻机-准新】三星 Galaxy S21 Ultra 5G 1.08亿像素双模5G拍照游戏 幽夜黑 12GB+256GB",品质认证
4039.00,"拍拍
苹果13 Apple iPhone 13 二手手机 二手苹果手机 全面屏 国行双卡双待 5G手机 午夜色 128GB 99成新",券1000-70
3869.00,"拍拍
小米12S Ultra 骁龙8+ 二手手机 经典黑 12G+256G",券1000-40
2298.00,vivo iQOO Neo8 新品5G电竞游戏手机 iqooneo8 neo7升级款neo8 夜岩 12+256GB全网通 官方标配,新品
2189.00,小米 红米K50 5G手机 12GB+256GB墨羽 全网通,免邮
1219.00,vivo Y77 8+128GB 夏日听海 5G全网通智能手机 80W双芯闪充 6nm天玑930 120Hz原色屏 5000万超清影像,自营
4739.00,"拍拍
Apple iPhone 14 (A2884) 支持移动联通电信5G 双卡双待二手手机 紫色 128GB 99成新",券5000-350
1419.00,荣耀X40 5G新品手机 墨玉青 8+256G,免邮
1379.00,"拍拍
小米11 二手5G手机 骁龙888 白色8GB+256G 1亿像素 2K AMOLED四曲面柔性屏 烟紫 8G+256G (5G) 95成新",券500-25
1949.00,"京东国际
Apple苹果 iPhone SE (第二代) 64GB 黑色 移动联通电信4G手机 未激活无锁机",自营
1469.00,Redmi 红米Note12 5G 智能游戏拍照手机5000mAh大电池OLED屏幕 骁龙芯片 子夜黑 8GB+256GB,免邮
1409.00,"拍拍
小米11 手机 5G手机 小米 安卓 二手小米 二手手机 蓝色 8GB+256GB",京东物流
1549.00,华为nova10z手机【内置40W华为超级快充】6400万超清三摄 6.6英寸无界全视屏 256GB幻夜黑 华为鸿蒙,自营
2089.00,"拍拍
小米11 ultra手机 5G手机 小米 安卓 二手小米 二手手机 陶瓷黑 8GB+256GB",券1000-100
3538.00,"拍拍
【展示机-靓机】三星 Galaxy Z Flip3 5G 折叠屏 骁龙888 IPX8防水 折叠 月光香槟 8GB+256GB 95成新",品质认证
6199.00,Apple iPhone 14 (A2884) 256GB 紫色 支持移动联通电信5G 双卡双待手机#,自营
5387.00,华为Pocket S 新品折叠屏手机 薄荷绿 256GB 全网通,免邮
2499.00,荣耀90 2亿像素写真相机 零风险调光护眼屏 5000mAh轻薄长续航 冰羽蓝 12+256GB,新品
2399.00,华为智选 Hi nova 10 5G全网通 前置6000万4K超广角摄像头 6.88毫米超轻薄机身 8+256GB 曜金黑hinova,自营
1199.00,"拍拍
华为 HUAWEI P30 Pro二手手机 麒麟980曲面屏智能学生游戏手机 亮黑色 8G+128G(赠3C认证充电套装) 95成新",京东物流
3809.00,小米13 徕卡光学镜头 第二代骁龙8处理器 超窄边屏 全网通5G 小米手机 黑色 12GB+256GB,零售
