评论者,推荐力度,评论时间,评论内容
犀牛,力荐,"
2005-10-28 00:28:07
                ",当年的奥斯卡颁奖礼上，被如日中天的《阿甘正传》掩盖了它的光彩，而随着时间的推移，这部电影在越来越多的人们心中的地位已超越了《阿甘》。每当现实令我疲惫得产生无力感，翻出这张碟，就重获力量。毫无疑问，本片位列男人必看的电影前三名！回顾那一段经典台词：“有的人的羽翼是如此光辉，即使世界上最黑暗的牢狱，也无法长久地将他围困！”
kingfish,力荐,"
                    2006-03-22 12:38:09
                ",不需要女主角的好电影
如小果,力荐,"
                    2008-02-27 21:43:23
                ",恐惧让你沦为囚犯，希望让你重获自由。――《肖申克的救赎》
文泽尔,推荐,"
                    2008-01-14 01:53:08
                ",人的生命不过是从一个洞穴通往另一个世界..然后在那个世界的雨中继续颤抖.iphope
Eve|Classified,力荐,"
                    2008-05-09 23:15:34
                ",“这是一部男人必看的电影。”人人都这么说。但单纯从性别区分，就会让这电影变狭隘。《肖申克的救赎》突破了男人电影的局限，通篇几乎充满令人难以置信的温馨基调，而电影里最伟大的主题是“希望”。当我们无奈地遇到了如同肖申克一般囚禁了心灵自由的那种囹圄，我们是无奈的老布鲁克，灰心的瑞德，还是智慧的安迪？运用智慧，信任希望，并且勇敢面对恐惧心理，去打败它？经典的电影之所以经典，因为他们都在做同一件事――让你从不同的角度来欣赏希望的美好。
711|不I,力荐,"
                    2010-03-27 21:30:29
                ",策划了19年的私奔……
艾小柯,力荐,"
                    2006-06-20 03:18:55
                ",关于希望最强有力的注释。
赫克托尔,力荐,"
                    2007-06-06 12:22:55
                ",有种鸟是关不住的.
寂地,力荐,"
                    2006-01-02 23:57:15
                ","超级喜欢超级喜欢,不看的话人生不圆满."
理想多钱一斤啊,推荐,"
                    2009-10-07 19:58:08
                ","Hope is a good thing, and maybe the best thing of all."
影志,力荐,"
                    2006-02-04 05:58:22
                ","Fear Can Hold You Prisoner, Hope Can Set You Free"
快乐人生,推荐,"
                    2018-01-04 11:51:34
                ",不愧是好莱坞大片，一环扣一环，没想到最后不但逃生生天还偷偷把典狱长的贪污转移了出来，证据也送达了出去，帮助了曾经关心过自己的人，情节安排的巧妙，演员演绎的也好，是美国的，有爱国情节的我给打四分
Doublebitch,推荐,"
                    2007-12-24 17:50:21
                ",绝对是期待过高导致有点失望
葱,力荐,"
                    2012-05-28 22:57:42
                ",这样的男人谁会舍得背叛。。。
veronique,力荐,"
                    2006-06-15 18:56:18
                ","一部没有爱情与美女的电影,却光芒四射"
珍妮的肖像?,力荐,"
                    2006-11-13 08:41:13
                ",没有人会不喜欢吧！书和电影都好。
私享史,力荐,"
                    2005-10-08 14:35:04
                ",因为1994年台湾引进了一部比较卖座的老片The Sting，被错译成了《刺激》。到了1995年本片上映时，片商觉得其剧情与《刺激》有类似的地方（大概都属于高智商的复仇？），因此被译成了《刺激1995》，1998年又有一部片子Return To Paradise因为含有牢狱情节，被译成《刺激1998》！说起来，自打高一时看过《肖申克的救赎》，男主角安迪的精神就持续影响着我，成为我价值观的一部分。那种持续不断给有关机构写信申请图书馆的精神，那种拒绝“忙着活，忙着死”的人生的精神，那种迫不得已作恶却良心不泯正义终彰的精神，那种享受生命中每一刻微小的美好的精神，那种在困境中梦想着远方有一小块属于自己乐土的精神，那种甘于平凡且活得自在的精神。一言以蔽之，那种属于“人性的光辉”的精神。
朝暮雪,力荐,"
                    2012-08-07 15:39:12
                ",“你知道，有些鸟儿是注定不会被关在牢笼里的，它们的每一片羽毛都闪耀着自由的光辉。”一部经得起时间检验的电影，豆瓣、时光网、IMDb各大电影网站都排名第一的电影。
挽梦忆笙歌,力荐,"
                    2018-01-13 11:21:05
                ",一部没有女主，没有爱情，没有特技的好片子，也是很多大学英语老师喜欢放给学生看的片子，这部片子讲诉的就是一个很纯粹的故事，一次的救赎，换回了自由，也是一种信念驱使他这么做，这部片子是感人的，它也让很多人成长。
如是,力荐,"
                    2018-03-14 11:48:26
                ",还记得老brooks上吊自杀时心里有多难过。自由来的太晚，生命早已自行放弃。
顾俏乜,推荐,"
                    2017-05-03 19:04:54
                ",通过下水道逃出去，这真的是太震撼了，不得不说男主对自由的执念克服了一切，即使待在监狱里，因为不断学习，没和外面的世界脱轨，他才能如此从容面对一切，甚至即使是在监狱这小小世界里自己也是主宰，所以说：学习很重要，学到老活到老。
小海,力荐,"
                    2010-01-28 22:52:32
                ",这部电影没什么好说的，史上最完美的电影，没有一秒尿尿时间！
美好生活,力荐,"
                    2016-11-14 23:44:21
                ",肖申克中生存体制又如当今社会体制，“痛改前非”的人一次次被重新投入黑暗之中，当权者干着肮脏的勾当却会在公众面前宣讲“拯救之道”，似乎只有当性格没有棱角，思想失去火花，被“体制化”的人们习惯逆来顺受的时候才可以平安生存
雨滋味,推荐,"
                    2018-01-31 08:46:09
                ",救赎什么？灵魂？自由？信念？你看看这部电影就有体会了
南笙,力荐,"
                    2012-01-06 23:02:43
                ",对不起，我戒酒了。
眠去,力荐,"
                    2007-02-20 10:56:01
                ",hope is a good thing
小耳朵图吗,力荐,"
                    2007-08-21 06:50:24
                ",越狱我感觉就是改编自这个
百骨金titi,推荐,"
                    2018-01-12 14:08:20
                ",真的很金典，每个人心里都有渴望不一样的自由，却又不得不被现实生活所束缚，很矛盾的个体，希望每个人能像安迪一样找到获得真正的自由。很喜欢摩根弗里曼
苏多多,力荐,"
                    2018-01-20 13:54:58
                ",这是我每年都要回顾的一部片子，每当心情低落，人生低谷的时候，或者随便什时候打开，听着摩根弗里曼低沉的声音娓娓道来故事，就会感觉好了很多。好的电影是好的人生陪伴
小易甫,还行,"
                    2008-06-08 14:49:34
                ","在我的心目中,它一直都是最被高估的电影。"
Ocap,还行,"
                    2015-06-30 22:20:52
                ",几年后，五星改成三星。
momo,推荐,"
                    2021-02-02 22:28:40
                ",其实理解不了为什么这部影片会排名第一…
乐安蓝,力荐,"
                    2008-03-02 15:00:17
                ",明修栈道，暗渡陈仓
毛利,力荐,"
                    2006-11-21 20:12:53
                ",看完让人很振奋
不良生,推荐,"
                    2016-05-18 09:30:06
                ",天下大同。PS：停留在前去相逢的车子远去的背影最好，不必拍出重遇和相拥。
雨果,力荐,"
                    2016-12-23 19:03:28
                ",好片，但是远比这部片更好的还很多，大家整天把这部电影稀奇得不行，其实同年的电影我更喜欢阿甘。
赫恩曼尼,力荐,"
                    2012-06-29 15:24:52
                ",若你试自由如生命，你愿意用20年等来一日的逃脱。
遇见彩虹?,力荐,"
                    2017-10-25 10:14:27
                ",何为救赎？只有重燃人们心中的希望才能救赎。有希望才有一切可能。即使环境再恶劣，安迪都没有放弃，坚持不懈的写信为大家换来更好的图书馆，帮助有需要的人拿到高中文凭使他们可以在社会上有生存能力，就算知道会惹怒看守也想让人们都听到美妙的歌声，点燃希望之光。有一种鸟儿是永远也关不住的。
七沐妹妹,力荐,"
                    2018-01-24 13:46:00
                ",怒赞，很难有一部电影能比《肖申克的救赎》更好的诠释梦想与救赎这两个词的关联，电影予人带来心理的洗涤震撼是如此深刻，对比安迪，我们生活中看似无以能迈不过的坎又算什么？当你若能一直心拥梦想，哪怕失败，也定能获得希望的救赎。 
yocofcjx28,力荐,"
                    2016-11-12 16:01:50
                ",太感人的电影！完整看过四遍！安迪从下水道爬出后，在水里在雨中仰天长啸时，就瞬间泪奔！
壳子,力荐,"
                    2017-01-03 10:35:31
                ",发现自己最近真的是愿意回看经典 尤其是没有女主的经典 自由与希望 多么美好的词汇 可是一个迂腐的人现在才体会到 这两个词如果一年前对我提起 那么我会表示鄙夷 会觉得这两个词太虚无缥缈 假大空 而现在 如果你向我提起 那么我会说 我爱自由和希望
橘猫爱吃鱼,力荐,"
                    2018-01-12 16:31:58
                ",这是一部关于自由、友情、正义的电影!“信念不灭，希望永存”。这其实是他们全体人的救赎，只是选择的方式不同而已。
九尾黑猫,较差,"
                    2008-03-19 00:32:02
                ",真的不喜欢，不好看，没感觉
叶荣添,较差,"
                    2011-02-21 11:07:22
                ",大众经典我从不感冒，为什么？我欣赏水平不行？
东篱,推荐,"
                    2018-01-20 18:53:42
                ",经典老电影就是不一样，重温了无数遍呢
谋杀游戏机,力荐,"
                    2009-09-11 17:32:51
                ",高中第一节心理课。“有一种鸟是关不住的，因为它们的每一片羽毛都闪耀着自由的光辉”，但后来不幸成了我的逆反宣言……哈哈哈。
铃儿响叮当,还行,"
                    2017-01-05 23:47:03
                ",好看但这么高的分有点假了吧，如果和越狱比起来，还是越狱好看些！
我不绝望,较差,"
                    2006-10-05 22:11:30
                ",有那么好吗？？？？？
老鸡｜扶立,力荐,"
                    2008-01-10 13:23:26
                ",我最喜欢的电影
波波维奇,力荐,"
                    2018-01-20 16:48:59
                ",非常好，可惜那年有阿甘正传，但我个人认为还是这部最佳。
A天涯任我行,推荐,"
                    2018-01-11 01:21:55
                ",可以说这是越狱系列影片的鼻祖，故事情节细腻紧凑，从被迫入狱，在狱中斗智斗勇，夹缝中求生存，以及对重获自由的极度渴望，凭借超高的智商和过人的勇气，一次次化险为夷，最终和狱友成功逃离，获得自由。侧面揭露的社会黑暗及腐败不堪入眼的一面，值得深思回味
毛驴哥????,力荐,"
                    2005-12-26 22:57:17
                ",不多说了
豆辛瓜辛,推荐,"
                    2018-01-10 19:59:47
                ",在这世上生存就得有一项特长，再者坚持就是胜利吧。
豆瓣酱,推荐,"
                    2017-01-08 12:59:58
                ",经典是可以反复品味的，安迪对生活和自由充满向往，出狱对他来说是新生;而早已习惯了监狱生活的瑞德，已变得麻木，出狱对他来说就是死亡。
我读书少♂,还行,"
                    2017-08-12 10:25:50
                ",当然是一部好电影，但他现在已经被物化成的最廉价的鸡汤。如果最顶级的电影就是这样的话，那电影这门事物真的是太让人失望了，也完全算不上艺术。不过万幸的是它不是最好的电影，它只不过是最烂大街的好电影。 幸亏有更好的电影更有理想和艺术追求的电影在捍卫的电影在艺术造诣方面的底线和天花板，才让电影没有在一片营销号的鸡汤中沦落为最廉价的网络谈资和消费品。
程晴之,力荐,"
                    2018-01-16 11:47:12
                ",很久之前看的了，印象深刻的是一位老人在出狱后不知道如何生活了，外面的一切都是他所不熟悉的，无法正常的工作，交流，生活。最终选择结束了自己的生命。习惯真的是一种极其强大的可怕的力量！
尽欢,力荐,"
                    2017-12-26 11:32:50
                ",习惯了监狱生活而接受不了正常生活的人，既真实又恐怖。勇敢面对生活，逃离自己的舒适区。
婷婷爱八卦,力荐,"
                    2017-12-20 17:30:46
                ",几年前被母亲推荐看的，她很推崇，看过后感觉可以，黑暗是每个国家都存在的，总的来说希望好人一生平安！
如月之恒,力荐,"
                    2022-10-15 01:33:49
                ",我发现影史顶尖的作品，都反映了人的执念，一种笃定一切的意志力，这种意志不被人理解，但让人佩服，因为大多数人不敢付出这样的代价，他们不敢相信这一切的价值。自由和希望，就是每个人活着的一根弦，绷着就能生，断了就得死。所以“要么忙着去活，要么忙着去死”，在于选择。如果你愿意相信自己会是那只光彩夺目的鸟，那你就不可能被困在牢笼之中，因为安迪的牢笼是他自己打开的。
?,推荐,"
                    2018-01-17 12:47:11
                ",还是经典的老电影振奋人心，主人公逃出监狱在河流中张开双臂的画面记忆犹新。
欢乐分裂,力荐,"
                    2016-05-14 22:25:09
                ",#重看#@影城；超越年代的“主流心灵鸡汤”依然灌得眼泪直冒；世上本无希望，若我多行一步即是希望，在绝望黑暗处生出倔强微光，卡夫卡式的悖论；每人都背负着有形无形的肖申克，注定无法被囚禁的鸟儿一定会挣脱桎梏，天才善于做梦；类型片元素大集成，充满匠气的完美作品。
艾晨,力荐,"
                    2017-08-09 18:25:46
                ",2008年11月28日，第一次看肖申克。那时候观影量还不到五百吧。给五星是见识浅。现在差不多九年过去，我在豆瓣标注看过的已经超过三千，第二次看，还是给了五星。它当然不是最好的片，但是太滴水不漏了。
朱岳,力荐,"
                    2021-11-27 23:23:19
                ",二十岁以为自己是在外边看，四十岁才明白自己是在里边看。
逐离,推荐,"
                    2021-05-14 23:30:11
                ",无疑是好看的。但这么高的评分却是夸大了
七七,推荐,"
                    2018-02-26 23:33:51
                ",肖申克的救赎，这部电影很好看，值得推荐
八贝勒爷,推荐,"
                    2018-04-04 08:40:50
                ",好多感受不能用语言表达，世界很糟糕也很美好，坚持才有希望
徐小花,力荐,"
                    2006-08-16 17:46:16
                ",酣畅淋漓
?天神的审判,推荐,"
                    2018-05-16 11:14:17
                ",这个电影包含了友谊，艰辛，希望和梦想。之所以它获得了成功因为它感动了你，它给了你希望给了你启示！
美神经,力荐,"
                    2017-05-03 09:48:29
                ",上个学期全班同学一起看的心理电影，下课了依旧不舍的坐在位置上，盯着那屏幕，看到最后，嗯，他活着出来了。信念，满满的充斥着内心，如果是我，可能早就死在那四面铜墙里了，哪还有后来呢。人生，可能就是这样，总是希望伴着绝望，那要看你是想救赎自己还是了结罢了
考拉小巫,力荐,"
                    2012-07-09 12:01:30
                ",最最最最最好看的电影。没有之一。
小岩井,力荐,"
                    2015-12-13 03:04:41
                ",任何时候，都不要放弃希望。
命中注定的爱,力荐,"
                    2018-03-06 19:15:34
                ",电影很励志，感悟很深，最主要的是让我学会坚持，送给在生活中遇到挫折的人！
tlmgt,较差,"
                    2014-02-01 01:18:53
                ",有点好奇这部片为何被过度赞誉到这个地步・・・
Konec,较差,"
                    2011-04-10 14:05:23
                ",虚假的巧合被当作精妙对比，突兀的后果往往使人惊叹而不是受启发，脱离过去过于决绝。
世界尽头,力荐,"
                    2017-06-08 18:50:36
                ",人性伟大，会软弱，但更多的是坚韧
酒鬼一家小迷妹,力荐,"
                    2018-03-01 08:28:58
                ",经典，很久以前看的了。人活着就得有希望。
思无邪,力荐,"
                    2018-01-13 09:20:49
                ",任何时候都要坚持，坚持就会成功的，但现实能一直坚持的人是少的。值得一看
死鬼,力荐,"
                    2018-02-09 21:19:15
                ",要么忙着活 要么忙着死 人应该对现有生活保持乐观的心态 充满希望 学会享受 而不是得过且过 苟且偷生 这种人生还有什么意义呢？还不如趁早去死 活着也是浪费资源
花落  思量错,力荐,"
                    2017-02-07 23:54:44
                ",“人活着得有希望”，一点都没有错，当老布自杀的时候我在想他应该回到监狱里度过剩余的日子，可是当安迪终于出去的时候又是那么美好，人啊真的得有希望才能快乐勇敢的活下去。当我失意的时候就想起这个片子，想起他那么努力想尽办法的脱身，觉得我一定也可以冲出重围重新站起来，真的太励志了。
遥の,力荐,"
                    2022-10-03 22:04:14
                ",真正的救赎从来不是词汇意义上的“彻底改造”，而是在历经劫难、遗失人生重要年华过后依然渴求灵魂与躯体的自由和无上美好的希望
秋瞑,力荐,"
                    2018-02-03 16:08:57
                ",好的电影值得所有人反复观看，这就是一部。
蝶雨成宣,力荐,"
                    2016-10-31 22:11:17
                ",这部被称为《刺激1995》的影片在中国影迷间也有极好的口碑，可见电影超越国界的神奇之处。
喻鸣,力荐,"
                    2013-11-08 00:06:03
                ","对推上神坛的电影总是莫名恐惧，以致雪藏了多年才看。看完发现它之所以雄踞各类榜首，是因其他至多称作经典，而它却可称作伟大。Fear Can Hold You Prisoner, Hope Can Set You Free .Hope is a good thing."
蓝婷飞絮,力荐,"
                    2016-12-30 10:55:47
                ",看完之后，只觉得烧脑。看第二次，我只觉得男主人太厉害了。
juvenile,力荐,"
                    2018-01-16 16:14:38
                ",救赎每次看都有一种新的感觉，没有什么能够形容我对他的崇拜，人生若是真的能自由自在的在日落的时候喝着沁人的冰啤，那该是多么美好啊。
kmkgcwzy,力荐,"
                    2018-02-19 11:07:52
                ",希望有朝一日中国也能拍出这种有深刻人生内涵的电影
慕,力荐,"
                    2016-12-27 12:49:58
                ",自我救赎才是唯一的出口。感叹于知识改变命运啊。
深夜的光,力荐,"
                    2018-02-22 15:36:51
                ","一部没有女主,没有爱情的好电影！不可超越的励志佳片，真的很令人感动的美国电影！炒鸡推荐?五星绝对的！"
大志的小耳朵,力荐,"
                    2016-12-28 13:06:55
                ",精彩，永远别放弃，即使要很久以后才会成功。每天努力一点点，坚持不懈，总会有收获。
炫3D,力荐,"
                    2017-03-17 13:35:52
                ",总觉得美国大片更容易直面人性，直面真实的社会。
杨迪,力荐,"
                    2009-12-19 14:08:35
                ",最后那一瞬间啊  
宇宙塑胶魔怪,较差,"
                    2009-04-25 13:06:17
                ",史上最有名的烂俗励志片，没有之一
滚滚的麻麻,力荐,"
                    2017-08-15 00:19:21
                ",重看次数最多的电影
ceci?,力荐,"
                    2018-04-05 11:54:49
                ",真的好好看呀，对得起它那么高的评分，我要找小说来看一遍了
叫她孙女凯拉走,力荐,"
                    2017-03-22 01:52:57
                ",要么忙着活，要么忙着死。
潇湘烟雨,力荐,"
                    2018-04-05 10:22:41
                ",很经典的电影，也很励志，人不管身处何种境地永远不要放弃希望
Lycidas,力荐,"
                    2016-05-14 22:56:36
                ",天知道第几次重看。它最伟大可贵的地方大概一方面是多层次嵌套的丰富主题，另一方面则是一种内在的timeless品质和情感表述，因此无论观众身处哪个时代，来自何种背景，抱持怎样的心理状态，都能够有效甚至不由自主地relate其中的某个角色或某段情节。
已注销,力荐,"
                    2018-01-24 21:31:23
                ",几年前看的，看完之后挺久了才回神，第一次因为看了一部电影反思自己。是我心中电影的第一名～
自然卷要卷毛,力荐,"
                    2018-02-17 16:55:42
                ",我以为是个压抑影片，最后，我发现了希望的光。hope，谁也无法夺走，谁也无法消灭。这部影片，值得一看。
uranushb,力荐,"
                    2021-01-31 18:03:53
                ","Hope is good thing, and is everything. "
齐木楠雄,力荐,"
                    2016-09-11 22:20:44
                ",非常触动人心的经典
七七,推荐,"
                    2018-02-26 23:33:51
                ",肖申克的救赎，这部电影很好看，值得推荐
然悔悟,力荐,"
                    2017-03-18 17:09:11
                ",很久以前就想看这部剧，今天终于看了。最震撼的就是安迪越狱的那一段，无论是配乐还是色彩或是安迪的动作神态，都掌握的很好！从此以后，他再也不用承担本不是他的惩罚，他，终于自由了！
八贝勒爷,推荐,"
                    2018-04-04 08:40:50
                ",好多感受不能用语言表达，世界很糟糕也很美好，坚持才有希望
梦里诗书,力荐,"
                    2015-08-02 17:37:10
                ",很难有一部电影能比《肖申克的救赎》能更好的诠释梦想与救赎这两个词的关联和真谛，电影予人带来心理的震撼与洗涤从未如此的深刻，主角安迪与男二黑人瑞德主辅相成的两条脉络营造了一个关乎追梦自由和心灵救赎最好的诠释，生活其实本就一直有着梦想，哪怕失败，只要能心拥梦想，便定能获得希望的救赎。
Muto,较差,"
                    2018-05-01 16:26:42
                ",这部标记排名第一的电影被越来越体制化的大众标记为需求，但那虚构的希望恐怕是个偌大的笑话。根深蒂固的资本原则在被掌权者剥夺权利的《第七大陆》上呈现出多端的众生相，资本积累成了人们重返自由和尊严彼岸的唯一途径。因此《肖申克的救赎》最终是代表统治阶级的救赎，它与作为人的人没有任何关系。
穆青,力荐,"
                    2017-05-08 23:15:09
                ",懦怯囚禁人的灵魂  希望让人自由 强者自救  圣者渡人 
Meursault,力荐,"
                    2021-01-30 19:34:53
                ",你知道，有些鸟儿是注定不会被关在牢笼里的。
数峰青,力荐,"
                    2021-02-06 22:22:10
                ",我想打100分，最大的感受除了，知识真的可以改变命运。还有要永远热爱生活。hope is  good thing.
我读书少♂,还行,"
                    2017-08-12 10:25:50
                ",当然是一部好电影，但他现在已经被物化成的最廉价的鸡汤。如果最顶级的电影就是这样的话，那电影这门事物真的是太让人失望了，也完全算不上艺术。不过万幸的是它不是最好的电影，它只不过是最烂大街的好电影。 幸亏有更好的电影更有理想和艺术追求的电影在捍卫的电影在艺术造诣方面的底线和天花板，才让电影没有在一片营销号的鸡汤中沦落为最廉价的网络谈资和消费品。
Leon Winters W,力荐,"
                    2016-01-07 15:15:52
                ",影响自己人生观的一部电影，距离斯蒂芬・金（Stephen King）和德拉邦特（Frank Darabont）们缔造这部伟大的作品已经有十年了。我知道美好的东西想必大家都能感受，但是很抱歉，我的聒噪仍将一如既往。在我眼里，肖申克的救赎与信念、自由和友谊有关。
嘻嘻,力荐,"
                    2018-05-13 22:12:13
                ",看到豆瓣排名第一，很好奇去看了这部电影，印象最深的就是图书馆的老爷爷坐50年牢出狱后因为适应不了外面的生活选择上吊自杀，最后男主获得自由，瑞德和男主在海边相遇很暖
?,力荐,"
                    2017-03-18 14:07:34
                ",朋友在你的生命中进进出出，好像餐厅中的侍者来来去去一样。可是每当我想起那场梦、想到那两具尸体正用力拖我下水的时候，我就觉得这样也好。有的人会沉沦，如此而已，并不公平，但世事就是这样，有的人会沉沦下去。希望还是要有的，没了希望，怎么行
O,力荐,"
                    2018-11-02 22:18:32
                ",重温，时间只是好电影的又一个证明。二十年前的经典，二十年后还是，同样的题材，有的过去能做到，有的今天也无法领悟，这就是差距。当故事最后两个老友在蔚蓝大海边重聚拥抱的时候，希望，是最好的，美好的事永不消逝。有人问，为何肖申克的救赎备受推崇。因为这部电影并不是在讲越狱，也可以这样说，它不是为了讲越狱。人活在这个世界，或多或少都会如同片中所述，经历“体制化”，磨难，逐渐麻木，看不到希望，如老布。而这部电影最终告诉你，哪怕过去20年、30年、40年，有希望，就会有美好的事，如安迪和瑞德。观众看完这部电影，内心会跟着这部电影走过一个由绝望到希望的历程。这是一场心灵的救赎，是对观众的。这是肖申克的救赎的伟大之处。
偏要勉强,力荐,"
                    2018-02-12 20:39:04
                ",太经典了！值得反复推敲，每看一次都能得到新的体悟！
妈咪宝贝,力荐,"
                    2016-11-05 01:19:47
                ",一个内心坚强有信念的人
美好时光只为你,力荐,"
                    2017-04-29 20:58:10
                ",印象很深的一部电影，虽然很绝望，但永远不要放弃希望。
一蓑烟雨任平生,力荐,"
                    2018-04-23 07:27:20
                ",电影塑造了一个充满希望，向往自由的男主人公形象。在身边的人都变得体制化之后，只有他是怀有希望之人。小说里面出现过两个人的旁白，一个是男主的好朋友，一个是看守图书馆的人，以这种别人的视角来诉说，更给人一种悬疑感和真实感。
?天神的审判,推荐,"
                    2018-05-16 11:14:17
                ",这个电影包含了友谊，艰辛，希望和梦想。之所以它获得了成功因为它感动了你，它给了你希望给了你启示！
蒜 | BOY A ?,力荐,"
                    2008-01-19 15:59:23
                ",2002.3.3 DVD 2007.7.27 DVD home2008.8.2  CCTV6
summersouljul5,推荐,"
                    2022-10-24 18:09:03
                ",整部电影有点像爽剧，给我的最大感受不是自由真好，而是脑子聪明真好。Andy越狱后的一切过于完美，以至于在最后一幕，当蓝得不真实的大西洋出现时，我一度怀疑这一切都是Red老头的美好幻想――其实Andy已经精神崩溃，或者越狱的时候被击毙。而他照例无法被保释，老死在监狱。人生最后的日子里，为了消磨时光，在脑海里编一些不一样的结局，弥补今生的遗憾。     然而，既然这部电影一直强调“希望是个好东西”，所以行吧，来点儿积极的：祝我们不满足于肖申克的冷啤酒、音乐和图书馆，而是走出墙外，一直往大西洋走去。祝我们有智慧和勇气踏上一条充满不确定性的自由之路。祝我这条影评别给我惹来麻烦。
一期一会,还行,"
                    2017-01-06 20:42:54
                ",该影视简介由豆瓣网专职人员撰写或者由影片官方提供，版权属于豆瓣网，未经许可不得转载或使用整体或任何部分的内容。20世纪40年代末，小有成就的青年银行家安迪（蒂姆・罗宾斯 Tim Robbins 饰）因涉嫌杀害妻子及她的情人而锒铛入狱。在这座名为肖申克的监狱内，希望
扌丁月佥,推荐,"
                    2017-03-22 12:38:49
                ",不管怎么说，真的很佩服男主的毅力，在那样的情况下一直没有迷失自己，追求自己向往的自由。
徐若风,力荐,"
                    2012-07-19 12:14:59
                ",生的酣畅淋漓。
狗富贵,力荐,"
                    2017-05-05 18:00:55
                ",最后奔跑拥抱那里真的好感动。
孔雀鱼,力荐,"
                    2016-11-30 14:40:31
                ",这部片子播后，入狱的场景衍生一系列的同人文，教皇般的典狱长，东西两派，同性狎轧成了美国监狱片少不了的场景。当然被人津津乐道的一个场面是，男主角逃脱出狱后迎着风雨呐喊自由的场景。
momo,力荐,"
                    2016-08-07 02:59:57
                ",应该再看一遍
美女菜kun,力荐,"
                    2017-01-01 23:40:30
                ",经典老片，一看再看。过几天再把书看一遍！
白竹,很差,"
                    2008-08-15 21:01:39
                ",我一直不知道该如何形容我对它的感觉，现在终于找到了一个词：最炫民族风。
刘昊然（恋爱版,力荐,"
                    2018-01-13 08:30:16
                ",这部电影好到，含义深刻到我不敢妄自评价……总之，力荐!
冰红深蓝,推荐,"
                    2013-04-17 14:15:43
                ",不够味道。
鄙隅,力荐,"
                    2017-09-24 14:17:00
                ","永远不能失去的是希望。一个交心的挚友，一个聪明优秀的人，一份经年不变的毅力，是一只羽翼丰润，带着你的心飞出牢笼寻找希望的鸟儿。Get busy living,or get busy dying."
侯二六,力荐,"
                    2008-03-23 14:55:47
                ",v使《基督山伯爵》c《刺激一九九五》之g，鼍芭c⑹率址ǖ牟町可^不小，《刺激一九九五》s比很多直接改自《基督山伯爵》的影∽髌罚更能wF《基督山伯爵》的精髓。全文：http://hou26.org/zeta/cristo.htm
Adiósardour,力荐,"
                    2010-10-13 00:01:00
                ",我不断的想要重复一个危机的过程，然后得到一个好的结局。我总是希望有什么事情发生，我总是希望自己被拯救，我总是希望那种排除万难的悲情和成就感。我不知道自己为什么迷恋于挫败的感觉，迷恋于痛苦的感觉，迷恋于万劫不复的结局。 
爱的镇魂歌,力荐,"
                    2017-01-24 23:56:38
                ",隐忍布局与一触即发的翻盘，从讨酒、写信和广播几个事件中便能对男主内敛的思绪窥见一斑，全片除精彩外更多是积压一种对自由的渴望，冲破狭隘牢笼得到海阔天空，结局不甚美好。而片中上吊的老爷子，则是早已磨灭希望的消极典型，意在与男主形成对比。
芊颖,力荐,"
                    2018-06-04 20:02:39
                ",今天才看的，很厉害啊……这种片中国……不得不说男主很厉害啊，聪明，机智……有点心疼老布
托尼・王大拿,力荐,"
                    2010-02-07 12:59:57
                ",所谓造梦，大概就是这样，给人以希望与光明，令人感受到那一种震撼。
老人家,力荐,"
                    2018-03-07 08:51:34
                ",看分数这么高的份上把电影看了一遍，也的确实至名归！一个鲨堡监狱里面的囚犯和官员似乎是我们这个社会的众生相。比如典狱长平时道貌岸然实则不择手段，残酷阴险贪婪…
我死时你哭了,推荐,"
                    2023-02-01 10:28:26
                ",片子不错，但始终get不到网上把这部片子捧到神坛的点在哪
童年的荡秋千,力荐,"
                    2021-08-11 11:34:29
                ",恐惧让你沦为囚犯，希望让你重获自由。――《肖申克的救赎》
Vamei,力荐,"
                    2012-08-26 21:50:13
                ",野心。在那样一种被打倒的人的身上，你能看到的最棒的东西，就是野心，想要好好活，让羽毛闪光的野心。
柳上安,力荐,"
                    2017-03-23 23:05:25
                ",善非所善恶非所恶 这个叫肖申克的囚牢里囚禁同化扭曲 安迪说自己运气不好 阴差阳错成为替罪羊 在这所监狱经历绝望 哪怕他有错 也已赎完罪 但是后来的洗黑钱逃税钻法制的漏洞呢 他与瑞德在图书馆的那场对话 他说他会是清清白白 很压抑 本片高潮处 汤姆被枪杀安迪越狱 有的是时间缺的是希望
哈哈哈啊啊啊,推荐,"
                    2018-05-20 17:27:56
                ",监狱是一座有形的束缚，我们的自由更多的是被许多无形的枷锁束缚着，除了要有坚强的意志，聪慧的头脑，你还要有打破各种体制世俗的勇气。当然自由是相对的，没有人能拥有绝对的自由。像安迪一样，他是榜样。
LORENZO 洛伦佐,力荐,"
                    2010-05-04 05:55:42
                ",值得看2遍以上的电影 没看过一定要看
西楼尘,推荐,"
                    2013-08-21 22:17:47
                ",看的时候生病困囿在医院里，如同监狱，这片子给了我很多阴暗的回忆。可是关于救赎关于信念，给了人启迪。
启明星的指引,推荐,"
                    2018-04-22 15:10:08
                ",男主挺帅挺聪明的，不然怎么能玩越狱。。。
临素光,力荐,"
                    2008-01-28 19:43:15
                ",要么忙着生，要么忙着死。他用一把鹤嘴锄破解了这个古老命题，通往梦想之蓝。
艾伊达Ayda,推荐,"
                    2017-03-20 17:04:39
                ",里面一句很经典的台词，生活不是为了生而活，而是为了活而生。
Rebel Scum,推荐,"
                    2010-11-10 21:53:19
                ",在我心里显然不是第一
人气甜辣炸鸡,力荐,"
                    2017-05-03 12:41:15
                ",I guess it comes down to a simple choice:get busy living or get busy dying. 生命可以归结为一种简单的选择：要么忙于生存，要么赶着去死
纤纤,推荐,"
                    2017-04-25 16:46:28
                ",你猜不到的结局…猜不到的惊异…
翠蝶?羽生??,推荐,"
                    2018-05-17 11:04:37
                ",这是一个非常感人的故事，关于希望和友谊的力量。与其他类型的电影一样，人们可以知道会发生什么，当然，但是当你看这部电影时你会一次又一次感到惊讶，甚至会落泪。
甜椒Oli,力荐,"
                    2017-03-26 10:14:46
                ",我们都是病人 渴望活着 好好的活着 却惧怕生活
lichol,较差,"
                    2017-04-21 22:37:32
                ",真的不喜欢，不好看，没感觉
醉里挑灯看花,力荐,"
                    2018-05-15 23:06:23
                ",读书时为老图书管理员惋惜：自由来得太晚，不如不来。后来觉得，朝闻道夕死可矣，不失为一种幸运。
bird,力荐,"
                    2012-11-12 21:44:21
                ",如今这肖申克囚禁着整代人。
王老虎,力荐,"
                    2009-01-13 23:49:37
                ",那片海蓝的太不像话了。。怎么可以那么蓝~~
云中,力荐,"
                    2009-10-10 21:25:45
                ",看了一遍原著小说，觉得这个电影还是很好看
与你走天涯,力荐,"
                    2018-02-11 16:28:07
                ",    很多人，可能都有被自己设置的牢笼所禁锢着的时候！没有光明，没有明天，没有希望！可能你会因此沉沦，但也可能会突破它，战胜它，最终赢得自我的升华！这部电影告诉我们的似乎就是如此！    每一次的观赏，每一次的感动，都能带给我满满的希望！
吃瓜的小土豆儿,力荐,"
                    2017-05-15 19:36:18
                ",“记住，希望是好事――甚至也许是人间至善。而美好的事永不消失。”
尹天雪,力荐,"
                    2018-05-29 23:04:26
                ",确实经典，就是人信念的力量吧，真佩服男主的脑袋
Lies and lies,较差,"
                    2008-06-21 01:10:37
                ",令人费解的典
？,推荐,"
                    2022-11-08 19:30:02
                ",经典电影 看完以后感触不是很大 额 随大流给个四星 
曼仔,推荐,"
                    2018-08-17 16:46:11
                ",十年过去了可算把这片儿给看了。。其实视听语言就很中规中矩，精品通俗故事，很多地方就很直给，是叙述而非呈现。而想讲述的东西也并不复杂。完全可以理解像这部、死亡诗社、放牛班春天为什么会获得那么高的大众口碑，是一种通俗而不至于庸俗的励志，是一个扎实沉稳的故事。不过摩根弗里曼演技真好。哦以及，电影情节生动体现了知识就是力量- -
办公室甜心,力荐,"
                    2011-12-09 01:27:10
                ","""Hope is a good thing, maybe the best of things, and no good thing ever dies."" 太让人振奋了，大约7年前和哥哥一起看过一遍，但是毫无印象，这一次体会得酣畅淋漓，铭刻于心。有的鸟儿羽翼是如此光辉，他们注定不会被囚困。"
北方姑娘,力荐,"
                    2021-08-10 09:54:12
                ",“这些墙很有趣。刚入狱的时候，你痛恨周围的高墙；慢慢地，你习惯了生活在其中；最终你会发现自己不得不依靠它而生存。这就叫体制化。”这是瑞德听闻老布死后说的一句话，他和老布，都在这围墙中度过了四五十年，早已经与外界脱轨，无法生存。陌生的环境让他们不适应到想要再犯法以便可以重新回到肖申克监狱，最终绝望自尽。或许我们大多数人都会被惯性推着往前走，逐渐失去自由，不单是失去了身体的自由，连灵魂也锁在了那样大小的空间内。而忙着等死还是忙着活，这不是个简单的选择。这个选择需要更大的勇气，更多的付出。不能将心束缚，不能丢弃希望，无论身在何处，坚持最初的梦想。这可能就是这部影片久久流传的原因所在吧。
萌萌哒,力荐,"
                    2017-04-30 10:04:22
                ",不只是肖申克的救赎，也是我们内心对自己的救赎
你看起来很美味,力荐,"
                    2012-02-26 15:30:50
                ",他说，不要放弃希望。
做一件事很难吗,力荐,"
                    2018-04-14 08:30:59
                ",第一条规矩：不准渎神，不准滥呼上帝之名！”“把信仰寄托神，把贱命交给我。印象挺深刻的
已注销,力荐,"
                    2017-03-16 22:40:10
                ",哪怕看到了这样的完美结局，依然有隐隐的不安，算不算得上缺乏安全感。。。
emillyhom,力荐,"
                    2018-05-02 11:47:05
                ",经典到不知道用什么言语来评价它
EdgeOfInfinite,很差,"
                    2019-02-13 13:15:50
                ",好好想想是中国人拍的打几分
冬叶,力荐,"
                    2016-05-03 00:30:07
                ",完美诠释了大仲马洋洋万言的巨著想要告诉我们的：人生最宝贵的两样东西 等待和希望”关小黑屋很难熬吧 -有莫扎特陪着我 -他们让你把留声机带进去？-在我心里，这就是音乐的魅力 他们无法把它从你身上夺走“3分47秒的歌剧可能是影史上最令人难忘的古典音乐场景之一 费加罗婚礼Sull'aria唱的是希望和自由
青青蒹葭,力荐,"
                    2018-04-26 08:10:08
                ",蛮值得一看的，电影很精彩。肖申克的救赎，救赎的是灵魂，渴望的是自由，只要有希望，就有可能。
橙c,力荐,"
                    2017-10-20 07:52:46
                ",虽然看到了旧社会的黑暗，但是又有一种心潮澎湃，又有些人性的温暖。
Lan~die,力荐,"
                    2006-10-06 08:16:15
                ","“有些鸟儿是永远关不住的，因为它们的每一片羽翼上都沾满了自由的光辉！”  “那些高墙挺有意思，开始时候你痛恨它们，后来你就适应了。时间久了,你变得离不开它们依赖它们了。这就是体制化。” “希望是件美好的事，它也许是世间最美好的东西，而美好的事物永不消逝。”"
娜莉梦游仙境,推荐,"
                    2017-01-17 21:01:14
                ",对自由的渴望可能不会表现出来，但是逃不过自己内心深处的渴望！哎，最后才发现是被冤枉的，看的我都纠结死了！
花未央2016,力荐,"
                    2017-05-17 03:10:56
                ",希望是什么？即便在绝望中不放弃的信念。在是非善恶之虫，人终究是渺小的，而希望，让人变得伟大。
融化的冰糕,还行,"
                    2019-12-17 01:43:20
                ",小时候看，少年看，中年看，都觉得一般。
棵青,力荐,"
                    2022-10-04 23:44:52
                ",不管身在何处，要记得你仍是你，记得你的善良与锋芒，记得希望为何物，记得自由的羽翼该如何舒展，时刻准备着张开臂膀在暴雨夜的突围。
微分流形,还行,"
                    2014-12-28 01:36:09
                ",还不错，但被严重高估。表达的东西比较直白粗暴。对自由的禁锢是由于他人施恶，于是这种苦难只是个体的偶然，断绝了更普适性的探讨。人物脸谱化，个人英雄主义泛滥，典型的好莱坞商业励志片
一个人的修行,还行,"
                    2017-12-08 08:34:10
                ",很有感觉的一部片子。。人性
苏菲的世界,力荐,"
                    2017-01-08 10:29:00
                ",一个天才银行家意外发现自己被戴了绿帽子，“失手”杀了自己老婆和奸夫被关进监狱（大人！其实他是冤枉的吖），然后在监狱开启大神模式――帮监狱长逃税漏税，丰富狱友的精神文化生活，跟好基友并肩斗智斗勇监狱官……以后凭借一把鹤嘴锄日夜凿壁，在一个风雨交加的夜晚成功越狱！很励志吧
U 兔,推荐,"
                    2007-01-09 18:23:37
                ",好久了，不想说什么。但是，一直是感动着的...以上是我加这个片子时的话，现在我要说的是，这真的是一部装饰精美的马路片。说这话一点不装，请勇敢的站出来，肖申克作为一部电影只是中规中矩的好莱坞流水线产物~~~作为励志故事和摄影，做得已经很漂亮了~~~
小A,还行,"
                    2010-01-10 12:10:47
                ",剧本有问题。
独眼苍狼夏侯,力荐,"
                    2018-05-25 17:15:47
                ",好看，我不喜欢。有点平淡
一路有你,推荐,"
                    2017-05-07 23:38:20
                ",经典，不管如何都不要放弃希望，即使可能会给你带来危险。
Kylin,推荐,"
                    2017-01-06 13:18:04
                ",和他一起看的，很励志的一部电影，也说明了拥有一技之长是多么重要……希望是件好东西，希望我也有。
随风飘洋,力荐,"
                    2017-05-25 16:10:20
                ",一开始还疑惑这部片为什么叫肖申克的救赎，原来这是一部自我救赎的故事，要么忙着生，要么忙着死，心存希望就会有奇迹
昵称被占不开心,力荐,"
                    2017-02-10 09:40:15
                ",hope can set you free～
桃花流水鳜鱼肥,力荐,"
                    2017-04-02 08:54:22
                ",一部没有女主角无关乎情爱的经典恐惧让你沦为囚犯，希望让你重获自由。共勉
小贝壳同学,力荐,"
                    2022-02-05 13:44:25
                ",看它的时候，正是我在迷茫的人生阶段，以前我一直有听说过这个片子 你陆陆续续的看过几次 但是都没什么印象了 ，今天刚好有时间 沉下心来看看 ，说实话 我没怎么看懂 ，也可能是因为我这个年纪和人生阅历太浅了 ，但是看了很多 网友们的深刻解读以后 ，我大概有点感悟到了 ，所谓的救赎 ，其实就是和自己、外界和解，和监狱里的他们相比 ，我们看似都是自由的，但是为什么却从来没有感觉到幸福和爱呢？就像我现在一直活在迷茫和焦虑中， 但明明我是自由的呀，我也没有被什么围墙而限制起来 ，可我为什么总觉得活的那么痛苦 那么黑暗 那么没有希望 呢？ Andy说 希望是件美好的事 ，Red说 希望是件危险的事 ，其实我个人活的很像red ，我也怕犯错 我也被自己内心的条条框框束缚起来了，我也想去找寻自己内心的自由 。
新桥妖妖,力荐,"
                    2017-05-24 09:55:01
                ",永远冷静，永不绝望才是救赎的最佳途径！
proletaricat,较差,"
                    2019-05-13 05:01:05
                ","A cheap and reactionary film. There is no ""redemption"" here, but ""hope"" (the hope of what?). What happens the next day, when parole officers catch up with Red? What happens to bringing the real culprit of Andy's wife behind the bar? Where is the PTSD of an ""institutional man?"" There is no deep critique of prison economy here, nor that of America's CJS (all we have is a few corrupt officials outsmarted by a banker who of course ran away w all the money and is praised for it, sounds familiar?). The completely implausible ""figaro"" sequence cheapens the real struggle for freedom. All of this is the stuff of cheap Hollywood."
请你喝义无反顾,力荐,"
                    2021-03-14 01:03:18
                ",监狱里的高墙实在是很有趣。刚入狱的时候，你痛恨周围的高墙；慢慢地，你习惯了生活在其中；最终你会发现自己不得不依靠它而生存。这就是体制化。记住，希望是好事――甚至也许是人间至善。而美好的事永不消失。肖申克的救赎到底是什么？
罗弘霉素,力荐,"
                    2009-11-19 20:59:31
                ",恐惧让你沦为囚犯，希望让你重获自由。――《肖申克的救赎》 .
康报虹,力荐,"
                    2014-05-27 13:44:06
                ",如果不是与阿甘正传一年，绝对的奥斯卡最佳影片。这部电影是一部传奇，IMDb 豆瓣 时光和我们心中永恒的经典！体制化害死人啊
Giroro,力荐,"
                    2017-10-20 12:07:18
                ",赏析课看的电影，很经典，很有深度，这样的电影才称得上佳作
你爹语重心长,力荐,"
                    2017-03-23 19:36:49
                ",不容错过的经典电影。
俗人,力荐,"
                    2017-05-03 17:36:06
                ",人是感性的，面对残酷的环境，人本能的反应便是奋力抗争，而当这个环境恶劣到一定的程度时，人的抗争之心就会慢慢被消磨殆尽，成为行尸走肉。但是只要还有希望都要抗争到底不是吗？
张jj,力荐,"
                    2018-02-05 09:50:06
                ",懦怯囚禁人的灵魂，希望可以令你感受自由，强者自救，圣者渡人。经典
自在人,较差,"
                    2010-06-05 11:47:30
                ",可能是因为我已经知道片子是怎么回事了，所以觉得有点不够震撼。也可能是因为以前看过越狱了，所以也没新鲜感了。总之，没觉得太好，头重脚轻的
溪棠-迷糊狐,推荐,"
                    2017-05-03 01:32:16
                ",从下水道逃生，看到这里我已经被震撼了。人的求生意志和对自由的向往有多强，这部电影给你答案
流氓兔,力荐,"
                    2017-02-28 20:17:24
                ",很棒的一部电影，一部完全不需要女主女配的电影。有时候想想，我们国产片为什么走不出国门，我觉得广电也有一定责任，这不许拍那不许拍，就比如这类型的电影，很喜欢这类型的越狱题材，还有美剧的越狱，我看的第一部美剧，真的好好看。我们国家的电影或电视剧，基本没有关于这种类型的题材。万恶的广电
littletwo,力荐,"
                    2007-07-07 22:55:20
                ",Hope is everything.
方鸿渐,力荐,"
                    2020-12-29 22:46:42
                ",每当我之前的最失意时刻，都有这部片子相伴。竟然没有点看过，大概是一个玩笑。清楚记得安迪和大家在楼顶喝啤酒露出的微笑，那是一个标志性的转折。而后的隐忍，每次回忆起，我都格外感动。或许导演都没想到，他的这部作品能在中国最权威的电影网站里雄居榜首好多年。
热心网友方先生,力荐,"
                    2017-02-04 22:41:57
                ",也许，这个电影能拍第一名是因为在不同的年龄段看就会有不同的感受。说实话，我现在只看懂了剧情，希望在30年后我再看会明白人生的意义。
大头绿豆,力荐,"
                    2005-06-12 02:22:09
                ",http://www.bighead.cn/?p=34
巴,力荐,"
                    2011-11-10 19:59:43
                ",“希望”是一种真正让人觉之自由的东西。受益终生的神作。9.6
Kristen可莜,推荐,"
                    2021-12-28 10:21:49
                ",还不错，但也不至于第一。
吾良,力荐,"
                    2013-09-18 20:41:16
                ",我看完它]有身所有人f的那蛹ち业那榫w出F，感右埠茫激^也好，又或者是|恿耸颤N哭出恚我都]有。我只是X得，他做的一切真的是再正常再平常不^的事情。身其中，我不有e的x褚去做，除了x褡杂珊托叛鑫]有e的答案。走，@是我唯一做的。
bornfreeyolo,力荐,"
                    2016-09-16 22:00:22
                ",看过太多遍了，对人性的许多方面都有独到的阐述和理解，每看一次都有不同体会
[己注销],推荐,"
                    2009-12-09 11:44:15
                ",也许是类似的故事看得太多了，以致我无法给出五星
韩伯愚,力荐,"
                    2013-01-18 22:47:24
                ",影片的主人公用了二十年的时间，救赎自己的罪，最后获得重生的时候，我们真诚的欣慰是源于他不靠戏剧性的转折，只靠执着与坚持。人们总是喜欢看越狱题材的电影，我想不只因为剧情刺激，更多的是，我们时刻都憧憬着冲破身体上的枷锁和精神上的牢狱，这是我们精神补偿的表现。
梦梦梦梦,力荐,"
                    2017-04-08 10:18:16
                ",看哭，经典中的经典
娜样的爱你,力荐,"
                    2017-04-05 09:59:40
                ",很喜欢里面的一句话，希望是好事，也许是人间至善，而美好的事永不消逝。很经典的片子
Icey,力荐,"
                    2017-01-22 22:47:17
                ",就算这个监狱再牢固，围墙再多，下水道再长，也永远困不住他，是永远。
幕天席地,力荐,"
                    2017-02-04 22:52:03
                ",不得不说很能触碰到人心，细腻的打动你
heart,推荐,"
                    2018-05-17 23:46:40
                ",没有特效  没有打斗 大部分都是监狱里的人们交谈的场景   这是一部能够触摸到灵魂的电影。
danver,力荐,"
                    2014-06-15 23:29:14
                ",我有二十年时间都不想看这片，因为人所称赞的美德一般都挺让我犯恶心的。本来只想清理一下硬盘，看了二十分钟开始觉得不妙，这片子完成度太高太精致了。从演员到布景到化妆，构成和节奏和运镜。所以虽然搞出一个我想糊导演一脸的童话结局，我还是没法给它减星。
橙曦羽潞,力荐,"
                    2017-06-06 19:48:11
                ",自由不在外面，而在于内心，唯有自我救赎才是出口
伊卡洛斯,力荐,"
                    2009-11-12 10:53:38
                ",有的人的羽翼是如此光辉，即使世界上最黑暗的牢狱，也无法长久地将他围困！所以，要么忙着生存，要么赶着去死！ 人总是要做点什么的……
JuJu的逗猫棒,力荐,"
                    2019-02-13 08:44:31
                ",看到有恶意打一星的才想起来我还没打分呢！前两天我表哥装文艺说跟我推荐个电影，我问他什么电影，他说《肖申克的救赎》，神经病！《肖申克的救赎》还要你推荐啊！
冲浪小子Z,推荐,"
                    2018-05-07 14:43:39
                ",Freedom
X,力荐,"
                    2017-06-03 09:30:41
                ",值得看几遍
寻人启事,力荐,"
                    2022-10-24 12:55:51
                ",每一个你想离开却离不开的地方 都是监狱 希望我们不要麻木，不要麻木，不要麻木 OK？
阿博,推荐,"
                    2022-09-05 18:44:30
                ",扣的一星是因为影片有一点点毒鸡汤的感觉 原因是这部剧自由的原因是因为男主足够坚持 而不是直接自由的 我们在追自由的同时需要坚持 但是谁又能做到这么坚持呢 再加上这部电影口碑跟高 但是又没有满足我的预期 4分?
荞麦,推荐,"
                    2014-12-24 23:20:52
                ",去掉部分煽情旁白我就可以再加一颗星。
护士衫下,力荐,"
                    2013-09-23 20:22:30
                ",被禁锢过的生命在解除禁锢之后所以会产生差别，全在于被禁锢之时心里还有无自由二字..
sunny,力荐,"
                    2017-01-06 12:27:48
                ",真的是非常棒的电影。主人公用智慧为自己赢得了自由。他善良，聪明，有毅力。正是这些让他逃过了命运的不公。
虾坨坨艺仔,力荐,"
                    2010-10-02 13:16:12
                ",Hope is a good thing
影毒肥佬,力荐,"
                    2013-12-24 18:29:16
                ","死而o憾了!! 最高d是安迪f出我想f的,  我的X子是c唱C, 可以自播L播--音返!!!  不用靠手C或其他聿シ诺!!   因看到大y幕, 才看到全片--才知道我e得xV, 申克是Oz名!!我一直以槭侵鹘堑男,  另lF男主H是自由人先生, 也lF他很象暴走列,  人家是先拍的.  京先生原著何r的....那@申克外景在哪找的....另也很致敬大仲R先生,  不惜用黹_玩笑,  直接把基度山也f出,  陷害主角的人也是三位,  不放走安迪的感X也跟鄣旅稍因差不多,  也是老囚犯退....B最重要的字也f--希望---正正是基度山的Y局的那一字--""世上最重要是 2字--等待c希望"".......B男主逃x的感X也很基度山.....之前看得最多次的是Y局,   全是............"
邮寄出感觉,力荐,"
                    2022-07-25 22:03:03
                ",还是落泪了。几乎挑不出什么问题的完美。没有对妻子和情夫下手，却背了黑锅进监狱、被三姐妹侵犯依旧誓死反抗、外务工作换来一些啤酒……怎么说呢，安迪好强大啊，所有的客观环境都会随着他的存在变好，误入泥沼也不摆烂，能改变多少改变多少的想法，然后监狱里有了图书馆，大家开始自发成人高考。汤米被监狱长射杀是我真的没有想到。希望。全篇重点。看老布出狱之后，无法适应社会选择自杀。瑞德差点就要赴他老路，好在没有，好在安迪事事想的周到。最后结局一个俯瞰的大全境，人小的几乎看不到，但是我听到他们拥抱在一起的声音，比浪花还要呼啸。
斑马的故事,力荐,"
                    2017-04-07 15:37:37
                ",真的，我的每一任英语老师都让我们看过?
小森林,力荐,"
                    2017-03-18 15:22:51
                ",看完特别震撼
战国客,力荐,"
                    2007-06-24 10:36:05
                ",除了经典，我还能说什么？！
做更好的自己,力荐,"
                    2017-05-05 21:50:35
                ",经典的电影总是经得起时间的推敲，主人公终于用他的智慧和坚持赢得了自由和希望，再看还是很感动
我不是樱木花道,较差,"
                    2018-06-19 11:52:34
                ",试着看过两遍还是没法喜欢，普通励志片，过誉了。
猫狗双担??,力荐,"
                    2021-06-28 23:10:36
                ",有的鸟儿注定是困不住的。
初音悟道,力荐,"
                    2019-03-24 01:32:18
                ",9.9分，有的人只能从电影里看到越狱，估计他们就是那些看到半瓶水，只会哀叹只剩下半瓶水的人了吧。况且，安迪是被冤枉的，他越狱有什么不对？电影传播的主题是希望，对生活充满希望，我以前总是害怕失败而对任何事情都不抱希望，总是得过且过地混着日子，到头来一事无成。看了这部电影后，我想，我应该做出改变。
河洛牧人,力荐,"
                    2022-03-23 14:44:32
                ",对抗虚无主义的一剂良药！
joanne,还行,"
                    2017-10-06 22:56:11
                ",可能是大多数人公认的好电影，甚至是NO.1，然而就是打动不了我，比遵循公众的看法更重要的是跟随自己的内心。
昏昏欲睡,推荐,"
                    2016-12-27 10:51:05
                ",监狱是一个设会的缩影，蒙冤的安迪没有放弃，赢得了尊重，地位，友谊。最后的自由
不要焦虑浣熊妹,力荐,"
                    2012-12-17 00:19:28
                ",Hope is a good thing.Good things never die.
还不过来扶着朕,力荐,"
                    2016-09-18 13:55:49
                ",看了很多遍每次都有不同的体会，好作品就是有这样的魅力
小美丽六代,很差,"
                    2019-10-02 21:03:10
                ",嗯，打一颗星不代表在我眼里它很差，只是9.7分太夸张了，需要低分中和一下。当然，在一百九十多万的评分下，我的一颗星不值一提。但它代表了我个人的态度。
阿呆同学,力荐,"
                    2016-11-08 16:14:36
                ",此片无关爱情，除了背叛。有的只是监狱中的男人间的友谊。Red 和 Andy的那种友谊置放在高墙之下，似乎比我们纷繁俗世中的友情来得更加纯粹和干净。他们都是内敛的人，然而洞悉一切，心意契合。我喜欢这种感情。所以在他们终于相会在太平洋小岛的阳光沙滩之上的时候，忍不住一人笑了。
恰妮斯虫,力荐,"
                    2014-06-10 21:19:04
                ",让我难过的事，有一天，真的能笑着说出来吗？
连城易脆,力荐,"
                    2013-12-05 13:12:26
                ",雄霸豆瓣第一名，总归是一种了不起...
高h,力荐,"
                    2018-12-16 16:42:18
                ",2018.12.16   看完这部电影以后对于我而言很难释怀。在剧情方面，前面的铺垫造成了后面的大爆发，在公布前面铺垫的真相以后真的很拉动我的情绪，伏笔埋得特别好安迪的智慧和毅力令我很震惊。从内涵上来看，也可以想想肖申克监狱最后到底救赎了什么，该片可以说是金钱罪恶希望的一次大碰撞。艾利斯与其说是其中的一个男二，我更想把他看成故事的一个旁观者与讲述者，见证了几十年间的变化。另外《圣经》在不同阶段剧情也给了观众不同的答案。还有一个地方很打动我的就是老布保释成功出狱，五十年过去了，几乎所有的东西都已经时过境迁，而最终他适应不了这个社会也只能走向灭亡。所以说一进监狱，不说一辈子，大半辈子也就毁了。这部片子的分数，实至名归。   （2023.04.29 #BJIFF2023&电影资料馆）
拒绝沦为中美国,很差,"
                    2010-10-12 06:20:53
                ",美化华尔街投行人员的电影。事实上这群人才没有这么好，通常情况下都是在千方百计掩盖自己的犯罪行为。大部分美国电影都是中情局控制下的好莱坞生产的精神鸦片。详情见这本书《好莱坞内部的中情局》http://book.douban.com/subject/26370014
D I D A,还行,"
                    2010-02-07 04:54:27
                ",Frank Darabont非常喜欢模糊一部电影的中心，或说给予人们一个不落俗套的结局，但这种思想并不是“励志”，安迪的自由又何尝不是导演扭曲的“希望”，这样逃避而不负责任的“自由”是否积极是否值得鼓励？――不要披着“励志”的皮卖“人生”的肉。
????,力荐,"
                    2017-02-04 23:18:10
                ",最先还是为了练习英语看的，除了感动没啥大感触，这部剧值得一刷再刷，最近又给我了新的力量，再次带希望上路。
潘半仙,力荐,"
                    2011-06-03 23:54:33
                ",高中时收藏的DVD之一，相当深刻的影片，老摩的表演也十分精彩。
朱迷糊?,力荐,"
                    2017-02-19 14:10:36
                ",很经典的一部电影，看过挺多遍，每次看都能感受到不一样的东西，值得一看
间介,力荐,"
                    2016-11-08 17:32:57
                ",电影的最后，当两个在囹圄之中呆了几十年的人拥抱到了一起，当他们还需要去思考“自由”的时候，这个时间点不知道我们是该为他们庆幸还是悲哀……很棒，每当迷茫的时候，翻出这个电影看一看，有好处，经典
行之,力荐,"
                    2017-03-25 21:46:13
                ",这部电影确实很有深度，另摩根弗里曼的表演已经像平常人吃饭那么日常了
被荷之晏晏,力荐,"
                    2017-04-03 10:59:14
                ",一个关乎友情和信念的故事。不消多说什么，看看他的故事，你那些挫折又算什么呢?“Get busy living or get busy dying”
crossrainbow,力荐,"
                    2017-03-24 01:10:40
                ",这部剧真的是经典中的经典，无论从故事构架剧情还有演员演绎上都是完美作品，发人深思
高冷之花白月初,力荐,"
                    2017-05-03 09:40:42
                ",看过3遍，每次看都有不同的感受，最大的体会大概是人要永远充满希望吧
小葱,力荐,"
                    2017-02-26 00:01:18
                ",非常好看，经典。有的人的羽翼是如此光辉，即使世界上最黑暗的牢狱，也无法长久地将他围困！
K小北,力荐,"
                    2011-09-06 00:26:06
                ",在W上JR的很多喜g文片的朋友都很排斥@部片子，然而s是我看的次当容^多的一部，K且每次看都不吲d，ξ碚f，他是我的蒙影，正是男ど昕碎_始，我喜g上了影，得第一看後的激樱o姐姐打，絮絮叨叨地v著@N一P於囚禁c理想和自由的故事，那r的自己一天真。
汝就做吾的犬吧,力荐,"
                    2008-07-23 23:29:58
                ",Brook上吊那段和监狱里放音乐那段真的是震撼到我了，看似是反映囚犯监狱生活的片子最后反而变成了一部越狱的斗智片，也不能算非常励志但也多多少少能给人点启发，
Sophie  Z,力荐,"
                    2008-04-03 20:13:04
                ",我记得那是高中网球课下课后的美术课，我疲惫到无法动弹的身体看得汗毛竖立。
AG,较差,"
                    2009-08-30 20:37:43
                ",明明是勇敢的心式的狗血剧。
跨过卢比孔河,还行,"
                    2022-04-12 22:46:38
                ",回顾此片，觉得颇为避重就轻，“生活把你逼到墙角时你能做什么”的答案真的是把墙凿穿吗，面对房间里的大象真的应该抖个“但房间也有门实在不行还有窗”的机灵吗。此一。那么多被生活毒打的人又有哪个是安迪呢，享有天赋、朋友、运气，监狱里那么多犯人被体制化而不还手甚至不自知真的是他们自己的错吗。很多时候教育和启蒙是一种特权，拥有的人应该谦卑，没有的人不应该成为靶子。拿现实生活中的你我对照看看就知道了，我们是安迪吗，显然不是。此二。生活是一坨屎，靠着别人没有的资本爬出这坨屎是生活这个问题的答案吗，或者说爬出这坨屎本身是吗？此三。
井戒,力荐,"
                    2010-12-30 17:39:28
                ","不愧为经典，一颗至善、自由的心，万世糜烂也澄明无瑕。Hope is a good thing, maybe the best of things, and no good thing ever dies. 无论是安迪神秘的笑容，还是最后一幕的碧海蓝天，都平静令人屏息，难于忘怀"
麻酱凉皮,推荐,"
                    2016-12-27 12:45:33
                ",为了自由，人真的是有非常大的毅力，前面看的有趣，后半段越来越压抑，尤其是那个小卷毛说好了作证，却被长官枪杀，很难受，男主从下水道钻出来的时候算是全片的高潮了吧，看完只想说一句话“知识就是力量”。
萧紫,力荐,"
                    2017-04-11 17:45:25
                ","some birds aren't meant to be caged, that's all. their feathers are just too brightget busy living,or get busy dying..."
小肉兔,力荐,"
                    2017-06-15 23:29:50
                ",逆境中的挣扎 在绝望中生出一朵花
淡水无香,力荐,"
                    2016-05-14 12:52:00
                ",希望不需要热情，热情的希望只是灵魂深处一次不经意的冲动。
落拓,推荐,"
                    2017-03-16 19:26:05
                ",很经典的一部电影，也很励志，值得推荐。
豆腐花是咸的,推荐,"
                    2018-05-18 11:28:53
                ",聪明人的反击，报复的畅快感，美国不是天堂，但美国人却很NB。
Lucifer,力荐,"
                    2009-12-14 23:48:38
                ",自由和信念，还有希望！即使在一个人类最专制，最没有自由的监狱里，他依然没有放弃希望，即使面对死亡的威胁，他也不放弃自己做为一个在的原则！他理当得到一切――自由，财富，还有好朋友！
猛汉世雄,力荐,"
                    2015-02-14 16:19:36
                ",经典就是经典，虽然我看得这么晚，但真庆幸我有看！
茕茕白兔,力荐,"
                    2018-05-14 08:54:41
                ",没有女主，无需爱情，同样精彩。其中悬疑成分很惊喜。影片表达出来的对自由，对希望，对梦想的追求令人感动
全都是风,较差,"
                    2007-01-15 13:54:12
                ",精英奋斗史，还不如基督山伯爵。
李阿笑1999,力荐,"
                    2017-01-11 22:36:41
                ",在班里看的  爬出来的时候全班欢呼  
幸而,力荐,"
                    2017-05-29 22:00:15
                ",经典果然是可以反复品味的。看第二遍仍然很震撼
klzbyxg,力荐,"
                    2017-04-06 15:40:24
                ",经典！值得多次看的好电影！
甘草披萨,力荐,"
                    2007-09-03 13:06:55
                ",影城巨幕看完，像是终于可以对电影说“爱过”了。一直想本片何以始终高居IMDB250榜首，也许从安迪公园散步般的步调，整体分寸的把握，摄影剪辑音乐等等几乎每一个重要的组成环节都无不透着醇笃从容自带贵气的节奏感，绝无急吼吼的喧嚷叫嚣或企图证明什么，也许这就是它成功的重要方面吧
川总,力荐,"
                    2012-01-17 20:03:35
                ",前半段出现的监狱片惯有的爆菊桥段不够劲爆让我略失望，但是到后面，我竟然看湿了眼眶。
蓝抑郁剂Lily?,推荐,"
                    2014-05-18 02:20:22
                ",其实我看不出这部电影精彩在哪里，但看过就是让人回味悠久。
云裳,力荐,"
                    2012-11-05 16:13:21
                ",2日前又看过的不知第几遍。依旧激动和感动。知了结尾再看过程，会发现男主角演的真不错，高贵的人性，沉默坚韧的性格，强大自由的内心。。。真爱啊。。。在任何环境，他都像闲庭信步在自家的庭院。。。还有什么能关住他，监狱也不过是他人生的一个驿站而已。自由，希望，珍贵无比。
瞧一瞧,推荐,"
                    2018-04-26 08:24:51
                ",经典台词“有的人的羽翼是如此光辉，即使世界上最黑暗的牢狱，也无法长久地将他围困！”
ZWW,力荐,"
                    2017-08-09 20:56:32
                ",Hope is a good thing
Edi,力荐,"
                    2022-05-23 12:05:54
                ",作为一个从特殊体制内出逃的人，当时离开时发了一个朋友圈用的就是这张海报，直到现在依然不会后悔，just like Andy.
南风,推荐,"
                    2018-05-15 23:51:56
                ",既有对美国司法制度、监狱制度的深度批判，又有对人的坚定信念的无尽赞美，同时也对友情和生命的好处做了深入和形象的阐释和探讨，是一幅有着现实主义的外衣却隐藏着极度浪漫的内核的潇洒飘逸的生命画卷，值得我们珍藏和揣摩一生。
某J。624,力荐,"
                    2010-10-16 21:54:32
                ",94年的片子。不管是演员，剧情的发展，后期剪辑，都很流畅啊。看得我再次冒出不要完啊不要完啊的心声。希望是件好事，好事永远不会死亡。我们都以为一切就如此了，却不知道，我们都还可以试着飞翔。
怀山鹿,力荐,"
                    2007-09-28 16:58:20
                ","some birds aren′t meant to be caged, that′s all. Their feathers are just too bright... Hope is a good thing, maybe the best of things, and no good thing ever dies."
秀山鲤鱼,推荐,"
                    2016-11-20 22:38:32
                ",8.5分，这部95年的时候名气远没有阿甘大，那年看过的电影最喜欢的是这部和《非常嫌疑犯》，现在竟然都进250了，这部貌似还是魁首。看来小众和流行在岁月变迁后也就是一步之遥。个人不认可这部是最好的电影，可以进入经典的范畴，殿堂级还有些距离。大热之后，口碑掺水可以理解，可说不好会挨骂挺奇怪。
苏幼,还行,"
                    2017-04-06 15:18:05
                ",每个人都渴望有自由
为爱浪迹天涯,推荐,"
                    2017-03-17 13:42:01
                ",虽然已经看过很多年了， 但是这个影片在心中一直都是一个永恒的存在。没有卿卿我我的爱情，没有兄弟情深，就是一个绅士般的男主一步一步探索真相的历程。其实我最喜欢的是MOGEN FREEMAN，虽然在很多片子里不是主角，但是本身的魅力让人无法忽视。
原来是你,力荐,"
                    2017-05-07 13:05:02
                ",人在令人绝望的处境里如何才能守住自己不堕落不迷失，如何能够在逆境里坚定的寻求希望，如何在那么多的打击下不放弃……这部电影一部能够永垂史册的电影，无论隔了多少岁月都可以给人以力量
马文才,推荐,"
                    2010-11-27 02:37:11
                ",骗傻子的励志片
秋天的黛西,力荐,"
                    2017-08-18 23:08:49
                ",多年占据top1，果然不无道理。安迪身陷囹圄，漫漫体制十九年，他却能坚持读书，自由之心不为高墙堵断，时刻拥有希望并为之不懈奋斗，这样的人或品质太太珍贵了，提醒自己也要多加勉力。
SELVEN,力荐,"
                    2016-07-21 00:10:34
                ",87/100 人生就是拥有希望和目标然后去经营，不要老了才去后悔那些没有做的事。
布拉德痞特儿,力荐,"
                    2012-08-12 09:53:06
                ",此片真的非常赞，讲述了一个银行家无辜入狱后扔不放弃人生，在关押的19年中，他在狱中建了图书馆并帮助狱友考取了高中文凭，并最终依靠自己的聪明才智成功逃脱出狱，并把邪恶的狱长和狱警拉下水，用为狱长洗来的钱享受着自己的下半生。Ps.《越狱》从这取材不少吧...
fanwiki,很差,"
                    2019-02-21 20:55:25
                ",老套的故事，毫无新意的结尾。肖申克的救赎除了忍辱偷生为了逃跑之外，并没有洗清自己的冤屈，说它是励志片，就有点过了。如果说是对自由的向往，任何一个在牢里被关10年以上的还没麻木的都很渴望自由。
波斯,力荐,"
                    2012-08-14 21:25:48
                ",@是IMDB上ur最高、⑴cu分W友最多的影，也是我所看^最好看的影，此片值得一看再看仔品味
Crush?,推荐,"
                    2017-05-03 17:28:40
                ",恐惧让你沦为囚犯，希望让你重获自由
风轻云淡,力荐,"
                    2020-11-28 08:49:51
                ",是我心中永远的经典，看着安迪获得自由的那一刻太震撼了，那个雨夜永远难忘。
未央,力荐,"
                    2017-05-02 13:22:32
                ",希望永远是关不住的
寒枝雀静,还行,"
                    2015-12-23 22:35:19
                ",……
途经一个你,力荐,"
                    2017-05-15 17:00:16
                ","I guess it comes to a simple choice, get busy living, or get busy dying. "
哆啦C梦,很差,"
                    2016-08-16 22:34:56
                ",电影很好，要客观评价我会给7.5-8分，但是实在理解不了美国人用开跑车海滩游泳重获自由后聚首来诠释救赎，但这和心灵的自由相去甚远，就这个结局不值得被这么捧。我是来拉低平均分的。
SK,还行,"
                    2011-05-22 00:45:37
                ",人们说，影片充满希望，所以富有力量；人们说，影片象征光明，所以蕴含价值；人们说，影片代表自由、信念、人性……不一而足，所以，成为经典。我的人生还算一帆风顺，也自觉心态平和自得其乐，所以本就阳光的我并不感动于大家的共识r(st)q唯有求同存异= =
淋,力荐,"
                    2013-07-24 23:01:54
                ",生命在于不灭的希望和信念，经典的电影之所以经典，因为他们都在做同一件事――让你从不同的角度来欣赏希望的美好。
北辞,推荐,"
                    2017-04-02 19:42:46
                ",经典的影片，比较感动。看到了希望和美好。很励志，正能量。
有有,推荐,"
                    2017-05-10 21:28:25
                ",《肖申克的救赎》，这部影片是无数人爱上电影的起由。每一个镜头，每一句对白，每一条韵律，在我看来都是那么完美无缺。
fuck you ?,力荐,"
                    2017-03-11 15:50:31
                ",是执着，是信念，雷雨交加的晚上是自由的呼唤
判官,推荐,"
                    2015-03-06 21:54:58
                ",话说高一看的，被监狱里三个gay骚扰安迪的场面震撼住，除此之外，人性
卡里加里博士,推荐,"
                    2016-09-30 11:20:17
                ",同样讲的也是自由，但是它放在真实的牢房中隐喻体制，简单明了。肖中说飞鸟聪明所以难囚，而阿甘中追逐羽毛的聪明人才是真的不自由。对比两部电影，一个是看得见的牢房，一个是看不见的，其实阿甘讲的更复杂，只是很多人看不到，以为讲故事的是个傻子。
Parker Li,推荐,"
                    2016-01-07 22:32:44
                ",承载了太多属于影视本身以外的东西，不论是imdb的鹬蚌相争登顶头名，还是因为时代元素而历久弥新从出租市场确定地位（虽然有奥斯卡加持 票房只有不到3k万），它都值得在影史大写特写。但抱歉，作为观众，作为非该时代的非美国观众，个人实在无法打到五星。le trou是最好的越狱题材电影！
桃桃桃桃不掉~,推荐,"
                    2017-04-11 12:00:39
                ",“希望是好事――甚至也许是人间至善。”还有信念、自由
素年锦时,推荐,"
                    2017-04-04 12:43:03
                ",每个人都有一部不得不看的电影。
一线吃瓜群众,力荐,"
                    2017-07-05 22:34:52
                ",和哥哥一起看的，真的全程聚精会神地在看，好想再和小锅看一次电影
salva,力荐,"
                    2014-03-27 01:46:34
                ",很多人推荐它的理由只是越狱影视题材始祖和励志片，这真的小看了这部社会学神片！总体性机构的日常运作、心灵的制度化、科层制下case by case review其实是靠随机性来淘汰人等社会学问题，包括identity theft等非社会学的美国社会问题一应俱全。
? ? ? ? ? ?,推荐,"
                    2020-03-14 19:57:08
                ",豆瓣Top1慕名而来，看到前面不太感兴趣后半渐入佳境，结局的反转有惊喜，有点受鼓舞，这个故事告诉我人要对未来抱有希望，有勇有谋卧薪尝胆为了目标永不放弃铁棒磨成针梦想或许就会成真。背锅入狱的Andy一直被欺负受尽折磨失去希望，直到他的才能被发现帮官员逃税洗钱得以被利用开始有转折。写6年信终获得想要的书籍预算，反抗命令给监狱播放音乐。给监狱成立开放图书馆，教书给大家考文凭。得知自己被陷害谋杀的真相后想澄清却又被惩罚，小伙被枪杀时太讨厌了。在监狱50年的布鲁斯出狱后无法接受外面的社会却选择了上吊自杀。用十九年时间用小铁锤挖出隐藏在海报下的逃生洞，近20年为自己的越狱准备好了一切，设定好虚拟的社会人身份，准备金钱及跑路路线万无一失。四十年后Red出狱怕是要重演老布的道路时，朋友伸出援手重逢于美丽海边
蜜思丝,力荐,"
                    2016-09-01 08:14:09
                ",经典，看过好几遍，每次都能给我鼓励
甜容,力荐,"
                    2017-03-30 23:13:31
                ",看过两遍了。一条漫长的自由之路、一次灵魂深处的洗涤、一部不朽的励志经典，“希望”遵循神的旨意安睡在内页被挖空的《圣经》里，附着在安迪高大的身躯里，匍匐在500码的下水道里，最后，那条仅有的肮脏之路把安迪送往美丽的新世界。
看电影延长生命,力荐,"
                    2023-03-27 21:38:11
                ",无论何种机遇，都不要放弃。请你务必，一而再再而三，三而不竭，千次万次毫不犹豫的救自己于这世间水火
黑伞,推荐,"
                    2021-02-17 11:07:28
                ",下到一个蓝光珍藏版，终于和家属完完整整看了一遍，三个小时的片。其实美国电影在价值观上并不难理解，也没有什么复杂暧昧的东西，甚至情节一旦发展到需要一点复杂的地方时，就用梦幻去填充。所以美国主流电影最执着去呈现的，其实是一种有点梦幻的东西，用电影中的词来说，就是hope。但是，你也实在不能说这是一种浅薄。就像瑞德，他其实已经意识到出狱后的生活和牢狱生活在本质上是一样的，不过是从一个围城走向另一个围城，从一种桎梏落入另一种桎梏，所以他去寻找hope，hope是什么？其实就是自主权，安迪一直都没有丧失的是什么？也是自主权。他凿那个洞真的是一直计划着要逃亡吗？我看不见得，他不过是想通过这种方式拥有自主权，自主权就是hope，也就是那一点点梦幻的可能。
回忆离开回不来｜跳房子,力荐,"
                    2008-10-04 16:38:35
                ",看到一个在监狱里呆了近一辈子的老人在出狱后却在起室里上吊自杀的情景时，毫不夸张的说，眼泪就这么掉下来了。直到流到嘴里才发现。嗯，不知道为什么会哭，或许只是觉得悲哀，其实人是很容易习惯，也很容易被制度化的。
墨玄,推荐,"
                    2017-03-19 19:32:39
                ",关于希望让人自由的最好的注释，有希望才会有未来，没有希望一切都是空谈
李 直气壮.,推荐,"
                    2023-04-26 18:26:53
                ",所谓影史第一，又有多少马太效应的复利？自由谁不向往？但多少人是真正的能有感悟？多少人“为赋新词强说愁”？哎，我却总是觉得，阅历浅薄让我无法与许多伟大共情，“有些人总是忙着生，有些人总是忙着死”人们都知要追求生命的意义，但难道不是大多数人都整日躲在迷茫之中吗？不知道生也不知道死。或许是负有盛名，致使多少会有剧透，但我却还是渴望着热泪盈眶的那天！
Dreamer,力荐,"
                    2011-03-25 22:41:43
                ",我终于明白为什么此片口碑如此好了。出色的剧本，巧妙的手法，杰出的表演。黑暗的司法体系差点毁了他的一生。可再高的城墙和牢笼也锁不住一颗充满希望的心，一个满心寻求自由的人。此刻我才发现《费加罗的婚礼》是天籁。被Morgan Freeman和Tim Robbins的演技折服了。
浣熊小姐,力荐,"
                    2016-05-15 02:06:40
                ",是的，22年过去，它仍然几乎保持着各种电影榜单的TOP1。而十数年来我始终在「BROOKS WAS HERE」那段被触动到盈泪。巨幕厅杜比克环绕音响下摩根弗里曼的旁白和台词太过让人享受。它永远在我看完提升愉悦度榜单名列前茅！
白云飘飘,推荐,"
                    2018-04-13 19:05:47
                ",不错的电影，一部让人明白，在面对不公和挫折时，只有靠自己的智慧才能真正的救赎自己。
小痕呀,推荐,"
                    2017-01-19 21:28:09
                ",我知道向往自由是人的本性，在艰苦的环境之中怎样与自己抗争不人云亦云是多么可贵。
小阿璃_,推荐,"
                    2017-04-30 09:40:35
                ",很经典的电影，对于自由的憧憬，执着的希望
Enjoy?Rachel,力荐,"
                    2011-03-25 00:18:13
                ",#BJIFF2023# 选这部作为本次北影节压轴真是太惊喜！12年前看的情节甚至细节竟然有很多都记得特别清楚，这才是好电影的魅力～全片看下来记住了Tim Robbins是32927，Morgan Freeman是30625^O^ PS:Freeman在电影里说自己是个Free man的时候也挺意味深长～
朝阳区妻夫木聪,力荐,"
                    2014-02-28 23:51:02
                ",到现在才看这部片子，真是好看没的说。果然，经典的东西不管放到什么时候去看都不会褪色。
沁云,推荐,"
                    2020-04-03 11:27:22
                ",时隔20年，情节已记不完整了，于是为明天早上的电影课而熬夜重看。多么流畅的好莱坞商业片，叙事完整、节奏明快，Red的画外音及旁观讲述者视角更为本片增添了传奇色彩：故事一定要由目击者讲出来才是真正意义上的传奇。十几年的狱中努力，救赎了对自由的渴望，以及对希望的信念。当主人公终于站在了碧海蓝天下，那也是观众体验到自由和希望的时刻。
迦南Canaan,推荐,"
                    2013-12-03 17:28:06
                ",非常非常棒，但没有棒到第一的地步。
符小离不是兔妖,力荐,"
                    2018-04-18 13:50:07
                ",经典。
Neroat,推荐,"
                    2014-11-17 09:08:06
                ",很精彩也很传奇。
应有葵花,推荐,"
                    2016-11-18 17:38:15
                ",太经典的电影，多年之前的记忆，执着、希冀和不懈的追逐，心灵的救赎和灵魂的洗礼。
双叶杏子,推荐,"
                    2017-03-17 12:52:48
                ",影响很深刻，很小的时候看的片子，但是我有点忘记了 他为什么越狱了就救赎了自己？
你不喜欢文渊吗,推荐,"
                    2017-06-17 16:49:07
                ",有了目标才有动力啊
莱尼圆,力荐,"
                    2009-09-02 19:51:07
                ",影片是关于希望与信念的最好诠释，塑造了一个运用机智才华和精神意志抗争罪恶体制的伟大形象，肖申克如同一个社会缩影，主人公安迪在这个五脏俱全的生态系统中白手起家浴血重生。它之所以如此感动世人，是因为每个人或多或少都身处围墙之中，却未放弃有朝一日展翅飞翔的努力，而安迪这只羽翼光辉的鸟就给予了极大的慰藉。制度化对人性的禁锢是影片的另外一个重要主旨，老布的结局让人扼腕叹息。影片是原著文学改编电影的杰出典范，同样采用旁白视角串联故事构建人物，最大限度地保持主人公的神秘感，同时丰富了剧情内容，缩短了逃狱时间轴，将同类型人物集中化，让矛盾冲突更尖锐，最后的复仇也酣畅淋漓，“得救之道就在其中”。
番茄加糖,推荐,"
                    2023-02-12 00:02:38
                ",看完有两天了，但是……但是看完后的失望此刻还是没有忘记。改编得很好，但我更喜欢原著中那个提前搬走古董书画的安迪，那个没想到飓风会吹这么久，但仍旧提前做足了准备，费力爬过狭小肮脏让人呕吐的地道，然后像一缕烟消失的安迪，那个披着自由的隐形衣飞出了肖申克的安迪。原著给我的震动太大了，反而对电影感觉到失望。我想我会把小说重新看好多遍，而不是把电影重刷好多遍。
kerrysun,力荐,"
                    2012-08-31 12:48:44
                ",有些电影，不看个四五遍，我是觉得真没有发言权。而这部电影是每个人的人生灯塔，并没有言过其实。全世界影迷心中的第一名，激励无数失意之人再次出发勇往直前。“挫折”、“心态”、“学识”、“机会”和“时间”这五个电影中的关键词，也在我们每个人的一生中极其有分量，对它们的不同认知，也会让你拥有不一样的人生。当Andy和Red在海滩拥抱时，对于与他们一同经历过一切的我们来讲，那份感动和满足，无以言表。
qw0aszx,推荐,"
                    2015-11-28 21:04:22
                ",多年后看意外没有减分严重
我呼吸的空气,力荐,"
                    2013-08-08 09:18:37
                ",当这部片被越来越多的人奉为最喜爱的电影时，它在我心中的地位不由地下降。故事很传奇，演员表演完美，Morgan Freeman的旁白...
塔塔君Minkun,力荐,"
                    2015-04-19 04:56:37
                ",开头蠢到以为Andy深谙救赎之道，并不然，真正的救赎必定是海报上的场景出现的时候。毕竟这不是Andy的救赎，而是肖申克的救赎。
一个无情的杀手,力荐,"
                    2016-05-06 11:58:56
                ",他们说这是治疗抑郁症最好的电影还好我在自己快要得抑郁症的时候看了它它真的好精彩比起那些绚丽的特效激昂的动作片更容易走近我内心
明天你好,力荐,"
                    2018-05-13 16:28:58
                ",当瑞德说他也已经习惯了体制的时候，我也信了，觉得有的人注定是要被束缚在一个小小的天地里，可是当他最后找到安迪的时候，真的看到了一种前所未有的反差，看到希望的最强音，那是以为只是以为而已，希望之外确有一番新天地！
峰峰峰峰,还行,"
                    2012-06-20 20:06:05
                ",有一种鸟儿是永远也关不住的，因为它的每片羽翼上都沾满了自由的光辉。
? ? ? ? ?,力荐,"
                    2015-09-03 21:49:45
                ",toptoptop，希望，自由之源
烬灭之炎,力荐,"
                    2010-07-24 03:15:46
                ","Red narrating: I have to remind myself that some birds don’t mean to be caged . Their feathers are just too bright. And when they fly away, the part of you that knows it was a sin to lock them up. DOES rejoice. Still, the place you live in is that much more drab and empty that t"
青简,力荐,"
                    2010-06-09 19:32:47
                ",构思很独特
旺旺小小酥lili,力荐,"
                    2021-02-26 00:08:32
                ",20岁时老师在课上分析该片，被平淡的叙事基调打退，不知为何经典。23岁这个宁静的夜晚独自观看，懂得，平凡的事物也可以做出非凡的精彩，是金子在哪里都可以发光。它和《阿甘正传》的味道很相似，细嚼慢咽，点点甜汇聚成令人回味无穷的甜美。它的成功在于它是一颗带给人希望的药丸，我看完它，我感受到生活的希望，我们知道生活终会苦尽甘来，即使现在很糟心。心灵的欲望会迸发出无穷的力量，我们的所想会引领我们到达自己想要去的地方。不得不说，最后安迪的逃跑有着浓烈的理想主义色彩和点点不切实际，但确实有震撼到我。与其像阿布一样年老体衰失去价值“被抛弃”，不如趁着还年轻飞往自由的天空。自由不是完全放任自我，而是心之所向，让此心安宁的地方，有希望才有活下去的动力，我希望我也能找到我生命的火花。
Iridescent,还行,"
                    2019-04-05 14:44:13
                ",影史第一它肖申克担不起
Odair,力荐,"
                    2023-04-28 21:42:17
                ",2023年北影节最后一部观影，结束在这部豆瓣电影永远的Top 1。它的经典早已无需我来赘述。人活于世，哪怕身陷囹圄，依然不要放弃希望，和自由。在大银幕上看经典，果然是难以描述的震撼。
djj,力荐,"
                    2010-09-28 17:00:26
                ",哥的人生只有40年，40年来看过得最好的电影就是他。（哥估计今后也不会有超越它甚至能跟他一较高下的电影）。是的，因为他，哥到现在仍不喜欢阿甘正传，不是阿甘不好，只怪它抢了肖的风头。
泽帆,力荐,"
                    2008-08-25 21:43:55
                ",让我过瘾很久，特别是最后的蓝色大海。
rock442,很差,"
                    2019-04-13 23:06:53
                ",一个地道挖二十年没人发现  侮辱观众智商  偏偏吹成第一  强奸民意
Jonathan,力荐,"
                    2015-07-19 09:26:10
                ",要经常看一些经典的电影，就想读一些经典名著一样，其中获得的震撼和萦绕于心的感悟是深刻而持久的。时隔20多年再去回顾1994年的这部经典中的经典真是依旧让人亢奋。两个多小时意犹未尽，最后的I Hope激起了一身鸡皮疙瘩。
晴耕雨读,力荐,"
                    2016-05-14 22:17:00
                ",能在大荧幕看到，是一种幸运。160514，新衡山。
达力猿,还行,"
                    2017-04-19 01:27:24
                ",打三星不是因为不是好片。这部片不管在什么角度都是标准的教科书级别。个人原因不怎么喜欢太中正的电影，而且看过原著所以没多大感觉。印象最深的是安迪的唯一证人被枪杀的那一段。希望，希望，为什么一定要满怀希望？我们从没逃出过牢笼啊。
海獭,力荐,"
                    2008-08-09 15:54:28
                ",有些鸟儿是不能关在笼子里的，它们的羽毛太漂亮了。当它们开始飞翔，你会觉得把它们关起来是种罪恶。但是，它们不在了定会让你感到寂寞
卡比巴拉的海,力荐,"
                    2017-04-06 10:33:49
                ",希望让人自由
乐事,推荐,"
                    2016-05-23 20:50:37
                ",好想给五星！！！！但是作为一个豆瓣新人 一开始给五星是会被当作水军自动清除的。只能用四星表达我对一部1000年内都不会差的好片的致敬。我总在想 什么是好电影 其实无非就是看了内心是充实的 而不是哈哈哈或者哇哇哇 而是充盈着满足感 一份看对了电影得到了营养的满足感。
九9,力荐,"
                    2011-08-11 23:51:57
                ","""Hope is a good thing maybe the best of things. And no good thing ever dies.""名不虚传，94年是上帝想看电影的一年。致敬。"
哎呦喂啊倩倩,力荐,"
                    2012-03-02 14:59:08
                ",I guess it comes down to a simple choice: get busy living or get busy dying.想借这部如此沉重的电影写些什么，却似乎只有无语。总是这样，看完好电影，仿佛失去了所有的语言能力。喜欢摩根?弗里曼稳稳的，缓缓的旁白，和波澜不惊的表情 。
陌上花开枫叶,力荐,"
                    2016-04-01 21:59:31
                ",安迪二十年的自我救赎让人震撼，布鲁克自杀让人痛心却又不意外，瑞德找到了自己的希望没有成为第二个布鲁克。经典的电影总是能打动人心
V for Vendetta,力荐,"
                    2022-03-16 17:29:55
                ",这不是我们第一次面对黑暗，也不会是我们最后一次心怀光明
Michael,力荐,"
                    2014-01-01 19:23:49
                ",其实这片子基本可以不用说什么了  不管是国外的IMDB还是国内的时光网和豆瓣这片子都是排名第一  这就足矣证明这部片子了（BBC评选的"未获奥斯卡奖的最佳影片"1 The Shawshank Redemption肖申克的救赎 1994 2 It's a Wonderful Life生活多美好 1946）Fear can hold you prisoner. Hope can set you free
金田中,力荐,"
                    2016-08-25 14:59:17
                ",是典，到最後人的救H可能只有自己的思想是不屈的。渴望自由е恨渴望自由， 忍受苦y忍受本不有的苦y。而期g自由的p松的唯有我自己的精神世界。
长安,力荐,"
                    2010-09-22 21:56:16
                ",印象最深刻的就是老人上吊的时候~人有的时候真的应该坚持自己的信念~不要习惯环境沉溺环境以致无法脱离~那是悲剧的人生
雪,力荐,"
                    2017-05-19 22:03:50
                ",没什么可说的，赶紧看吧。
YiWz,推荐,"
                    2011-02-07 17:11:10
                ",可能因为太经典了，当中的很多桥段被后人使用无数次，等到真正去看原版的时候基本上没什么感觉了……看教父、阿甘正传这些电影的时候总是有种无可奈何的感觉。
孔默,推荐,"
                    2015-08-15 00:13:31
                ",“一开始会排斥它，然后开始接受，最后离不开它”。关于追求自由（但自由的人又是孤独的，体制与权威则反而可以给以安全感）的故事。不过个人认为影片本身有被高估的成分。
虚弱橙,力荐,"
                    2008-10-05 14:35:22
                ",配得上最完美的电影的称号 任何语言都失色
神侬教教主,较差,"
                    2019-05-29 02:12:56
                ",觉得没有原著的表现力，原著看到“我希望……”那段瞬间热泪盈眶，电影没有给我这种感觉
xīn,力荐,"
                    2007-02-12 10:53:32
                ",资料馆多功能厅2014.2.12.3pm 大银幕重看。整体节奏和人物安排非常杰出，每个人物都代表一定的意义层次，关于Institutionalized的展演颇为漂亮。最后那蓝的出奇的太平洋、和那条还需擦拭的破船，也挺值得玩味阐释。
爱幻想的小孩,力荐,"
                    2013-03-24 17:44:12
                ",一切都是淡淡的，所以才给情绪的爆发做好了充足的准备。但说实话并没有在我心中是神片的地位。不过是因为大家都说好所以我也觉得好的心里暗示罢了
Μουσαι,力荐,"
                    2018-06-20 06:27:35
                ",有人不敢想，所以做不到，或者有人敢想，但是做不到。因为别人都不这么做，或者别人被体制化了而觉得不可能，我们就会觉得这样不行。监狱其实可以看作我们生活的社会，种种规则把每个人变成体制化的人，但只有最勇敢最坚强，内心存着最大希望的人，能够真正想到梦想，然后达成。
希尼莫,力荐,"
                    2020-01-11 22:54:07
                ","第一遍大一，第二遍大二，第三遍大二假期和爸爸，第四遍20120411，20150804第五遍。不是励志片，而是拍给俗人看的圣人片。“要么忙着好好活，要么忙着等着死。”20160605第六遍，Hope is a good thing, maybe the best of things。20200111第七遍五星，陆建艺老师配音版??"
Trouble,力荐,"
                    2011-07-17 00:45:43
                ",有的电影看完之后，可能记住了导演，可能记住了某些演员，可能记住了某些场景，片段，对白……但这部电影看完，所记住的就是一部电影。
柠檬海盐,力荐,"
                    2017-04-07 10:12:01
                ",重温经典
特洛伊之心,推荐,"
                    2018-05-17 23:15:51
                ",我不得不提醒自己，有些鸟是不能关在笼子里的，他们的羽毛太漂亮了，当它们飞走的时候…你会觉得把他们关起来是种罪恶，但是，他们不在了你会感到寂寞。
Douban,还行,"
                    2018-08-24 22:56:34
                ",算不上伟大的电影，只能说是成功的营销
小灰烬,力荐,"
                    2011-08-01 17:24:21
                ",【影片的卓越之处在于它埋下了肌肤般的皱褶及河流般的跌宕，还有整部影片所暗示的西西弗斯式的劝喻。这个苦难的世界之所以能为我们所忍受，不在于它的真理式的唯一性，而在于通常一生仅有一次的恰当的表述。我把我个人的奥斯卡救赎奖授予肖申克。】
今天小熊不吃糖,力荐,"
                    2008-08-12 06:12:27
                ",Get busy living ，or get busy dying
一片两片三四片,力荐,"
                    2016-08-25 15:39:14
                ",高智商的人在哪都是人才啊
如山清,力荐,"
                    2018-10-20 16:58:23
                ",其实一个有意思的点是安迪在地道挖好之后为什么不立刻逃跑呢。某种意义上，无论是在社会这个“大体制”还是监狱这个“小体制"中，他都能过的很好，找到自己的位置。如果不是因为被监狱长所激怒，如果不是因为他了解到他脱罪的可能，他是否真的就会从他的地道中脱出呢？等他真正从泥沼中脱出，他获得了自由之后，却反而进入了所谓“社会边缘”的位置――开一间小旅馆，经营一艘游船。与其说这是“反体制”的，不如说是自甘“边缘化”的。
tricky_V,力荐,"
                    2012-06-28 22:28:48
                ",如果有十星，那就是它！从一开始老布的绝望，“他还不如老死在监狱”，到安迪知道自己被陷害在臭水通道里爬行了500米获得自由，到已经过了40年体制化了的瑞德的假释，他的迷茫恐惧到位了遵从朋友的委托，最后终于又见到安迪。这一切的一切都在告诉我们，要么忙着生存，要么忙着死去。希望真是好东西啊
跬步山里,力荐,"
                    2017-05-15 20:50:02
                ",紧扣心弦，情节超级超级紧张，回味无穷
Orpheus,推荐,"
                    2010-01-08 23:37:10
                ",一部励志电影，一个很好的故事，最后的金色沙滩万人向往，没什么别的了，仅此而已，向伟大的电影致敬，那些走经典路线的导演们，你们都去死吧！
炸鸡配可乐,力荐,"
                    2018-05-16 22:06:05
                ",“这些墙很有趣。刚入狱的时候，你痛恨周围的高墙；慢慢地，你习惯了生活在其中；最终你会发现自己不得不依靠它而生存。”最可怕的就是习惯，若习惯堕落，那只能一蹶不振，若习惯坚强，那便勇往无前。每当迷茫时总会重温这部电影！一切都会好起来的！
海扬尘,力荐,"
                    2014-02-04 18:46:05
                ",人生就是不断摆脱“体制化”的过程。要么忙着生，要么忙着死。有《基督山伯爵》的影子，希望，才华，坚忍。缺一不可。
制片人,较差,"
                    2018-08-05 02:08:59
                ",两星只因为一个问题：为什么在男主每次遭遇三姐妹同志帮强奸的时候都没有人帮他？甚至在他为监狱里的犯人朋友们做了那么多以后？“我们喝了他的酒，也认为他是一个可敬的朋友，但是我们是不会在他被人设埋伏强奸的时候帮他的”？这一点导致我由衷感谢狱警长，毕竟是他为男主讨回了晚到太多的公道。
能工巧匠沙门哥,推荐,"
                    2011-12-29 13:32:04
                ",一部不错的娱乐片。imdb top果然是民众的选择啊。
HsvEvnX,力荐,"
                    2011-09-01 02:00:03
                ",不知道我在生日这天看到这电影有没有什么预兆或暗示。很励志。人物塑造很丰满。那老头让人感慨。想想五十年与世隔绝，你面对的世界会不会让你感到恐惧？到底有多少人可以像安迪一样是关不住的鸟？这样想来穿越是多可怕的一件事啊！影片最最后，不好意思，生硬的看出了基情。－ －
Rilkelee,推荐,"
                    2010-11-15 17:40:47
                ",看完小说完全剧透后再看电影，没有了情节所带来的触动与振奋人心，真心觉得电影本身的语言与叙事并不是那么的高超。
随心而行,力荐,"
                    2009-10-13 12:57:17
                ","救赎的不仅仅是空间的自由，而是灵魂 hope is a good thing,and maybe the best thing at all.早就背熟的剧情，了然于心的台词，必须去影院亲自鼓掌致敬，心愿实现很开心！@2018上影节2018.6.18"
菟颜?,力荐,"
                    2008-09-02 19:46:53
                ",　1946年，年青的银行家安迪（蒂姆?罗宾斯 Tim Robbins 饰）被冤枉杀了他的妻子和其情人，这意味着他要在肖申克的监狱渡过余生。　　银行家出身的安迪很快就在监狱里很吃得开，他懂得如何帮助狱卒逃税，懂得如何帮监狱长将他收到的非法收入“洗白”，很快，安迪就成为了狱长的私人助理。　　一名小偷因盗窃入狱，他知道安迪妻子和她情人的死亡真相，兴奋的安迪找到了狱长，希望狱长能帮他翻案。虚伪的狱长表面上答应了安迪，暗中却派人杀死了小偷，只因他想安迪一直留在监狱帮他做帐。　　安迪知道真相后，决定通过自
Ziggy,推荐,"
                    2011-11-21 21:41:51
                ",男主角最后用虚拟户口领钱真潇洒！黑人朋友真好！读书青年太惨！电影没想象的沉重激动，但是不困不倦全部看完，足以证明其持续吸引力。最后黑人去树下拿铁盒，猜到是叫他去赴约。看着车子开在路上，他表情淡然，我心悠扬。直到蓝天大海，一艘小船，刷漆的男人，拥抱。有梦想，有希望。ps：老布太唏嘘。
小喵呜,力荐,"
                    2017-03-19 14:52:50
                ",此片无关爱情，除了背叛。有的只是监狱中的男人间的友谊。他们都是内敛的人，然而洞悉一切，心意契合。我喜欢这种感情。
Pond,推荐,"
                    2008-10-04 17:48:51
                ",MiniSD-TLF：http://www.verycd.com/topics/2803261/
达斯佛?,还行,"
                    2006-04-09 19:15:09
                ",最被高估的电影
户回,推荐,"
                    2012-10-13 15:16:18
                ",我就说是美国片嘛，整部片子都是美国味儿！说回正题，片子剧情不错，但主角完美过头了属于非人类级别，削到四星。ps我从片子结尾看出了基味
451?°F?,力荐,"
                    2007-12-21 19:03:00
                ",「希望与自由」，人类自我意识之最高追求与载体，过程却是万般的困难与艰苦，正因为事实上几乎所有人都求不得，才会对那些虚拟的故事和人物投射全部的情感，或许也是一种唯一可以赖以生存的念想，却不能放弃「希望与自由」本身。
缚床灵团子,还行,"
                    2014-01-15 22:50:46
                ",它讲述人性 传递能量 表达信念和希望，它满足了一本好电影所需要的所有元素，包括舒缓的配乐，以及冗长的剧情.....在还有一本电影的影评里看到这么一段话，大概意思是“给一本普遍好评的作品打低分总是有些心虚，但必须面对内心对它无感的事实。”这也是我看完后的想法。
静下来,推荐,"
                    2006-01-06 19:10:54
                ",越狱只是形式.精神始终自由.这才是最重要的.所以看到Morgan Freeman最后真正懂得自由的真谛时比安迪的越狱更令我动容.
生活多美好,力荐,"
                    2018-10-05 12:56:45
                ",三刷，依旧感动。生活就是一个牢笼，心存希望才得以自由。安迪百年如一日的坚持和对时间掌控，敏锐的觉察力和知识的储备，这些都是他强大的羽翼，鸟儿终打破禁锢，拥抱美好。悬念的保留，卓越的摄影和配乐，为本片添彩不少。“救赎之道，就在其中。”“他只是被制度化了。”“要么忙着活，要么忙着死。”“有些鸟儿是关不住的，他们的羽翼闪耀着自由的光辉。”“希望是件美好的事，也许是世间最美好的东西，而美好的事物永不消逝。”
少数派的报告,推荐,"
                    2017-06-06 00:07:19
                ",很经典的剧，值得看
木叶,力荐,"
                    2009-07-04 19:09:46
                ","Hope is a good thing,maybe the best of things,and no good thing ever dies."
汐澄,推荐,"
                    2016-07-17 00:21:23
                ",好的电影和好的书一样，不是看一遍就能放下的。看完了，有感触，记录，才不负一部优秀的作品。这一部很励志，很出人意料，很令人振奋。
灰蓝,力荐,"
                    2014-01-17 18:08:10
                ",追求自由的人生与被体制化的人生，也是相反的精神取向。电影《肖申克的救赎》中，执著追求自由的主角安迪与被体制化的老布，是人类精神面貌的两面镜子。安迪是蒙冤入狱的年轻银行家，凭着对财务知识的精通，获取了监狱管理者的信赖，为………与此相对照的是在监狱待了五十年的老布，当他获知自己即将刑满释放时，却面临精神上的崩溃，如同犯人瑞德所说，“起初你讨厌它（监狱），然后你逐渐习惯它，足够的时间后你开始依赖它，这就是体制化”。老布不惜伤害狱友，以求在监狱中继续服刑，他被环境同化，一旦脱离，就如同鱼离开了水，所以在不得不出狱之后，他自杀了。安迪明白“体制化”对朋友瑞德的影响，所以为瑞德在一棵巨大的橡树下，留下了投奔自由的路径，让他用希望拯救内心的绝望。恢复自由的心，就如同治疗慢性疾病，希望与信心是最关键的药物。
弗朗索瓦・哈哈,推荐,"
                    2022-02-14 22:15:52
                ",多年以后，当瑞德在布鲁克斯因无所适从了结生命的旅馆里迷惘彷徨时，他忽然发现安迪在那块玻璃石下什么也没放，除了一样东西DD希望。很精彩的一部商业片，对自由的探讨关于体制化很真实，越狱部分的叙事顺序调整惊艳，但想不通为什么会排第一？
Inking,力荐,"
                    2009-03-21 13:38:19
                ",信念 希望 永不放弃（2009.3）09年标注的，也是豆瓣上第一部标注的电影。第一次看这电影应该是高二的一个晚自习，推算一下应该是07年，设备我还记得魅族Miniplayer SP，下载于个人FTP资源站，用FlashFXP之类的客户端拉下来的，整个FTP里面全是转码好格式和分辨率适合M6播放的电影（大概是avi.320*240.18Fps）。那时哪知道那么多，下载下来的电影只管看就是了，没有预告没有简介，就一个几百MB.avi文件，一个晚自习看完直呼牛逼。也因此知道了IMDB Top 250，知道了它是Top1，那时的豆瓣还没有Top250。大一前后，下载了TLF的IMDBTop250转眼已经十多年过去了，两年的高三和大学期间看过很多遍，毕业后再也没看过，这部电影早已在心里淡化了。
Fly  Away,力荐,"
                    2018-02-18 19:15:47
                ",2020.1.30二刷，在明确了小说之后看得更有感悟了，希望是一件很美好的东西，而它永不会消逝，小说和电影都很喜欢，但或许我更偏于小说，因为它给了我梦想的希望，是心中一直喷薄但贮藏的感情，永不消逝。
sosovipp,力荐,"
                    2021-01-14 21:04:10
                ",监狱是怪地方。起先你恨它，然后习惯它。更久后，你离不开它。这就叫“你被体制化了”。
空光,还行,"
                    2005-10-24 18:09:44
                ",在下d《肖申〉木融H》的r候，我一直在想“太晚了，太晚了”。因为光听到这个名字已经若干年了，它的名字出现率在任何一本电影杂志都高的惊人。但是不知是我滔碟的时候总是错过还是我与这片子确实没有缘分，反正是直到昨天晚上，我才看到这部久违的电影。当真的花了两个多小时时间看完之后，我开始甚是困惑……为什么那么多的影评人都给出了9分的评价，而我的个人感受……并没有那么多~《肖》让我想起了两部片子，一部同是差不多的线性结构的监狱片，是在上影视编导课的时候经我们的美女老师大力推荐的《恶魔岛》，另一部是我最爱的导演
健三快跑,力荐,"
                    2012-11-28 22:51:49
                ",大抵小说改编电影，绝大部分无法超越原著，但至少有两部例外，一个是教父，二流小说变成一流电影，斯蒂芬金一个不起眼的中篇，成了各排行榜的常客，虽不少人认为本片实在担待不起各种榜单榜首，相对于奥斯卡上的完败，现在只能说是平反过度吧，但是我依然喜欢，也许对于自由这种主题，已经显得不够高端
穿山,力荐,"
                    2017-12-24 20:48:57
                ",伟大的电影引领我们飞升；“人类全部智慧就包含在两个词中：等待和希望。”――《基督山伯爵》
卡列宁的微笑,还行,"
                    2007-01-16 13:28:31
                ",又看了一遍，仍然觉得很一般，很一般的励志电影。当然，关于“体制化”的讨论是有点意思的。
黑特-007,力荐,"
                    2012-08-26 00:08:10
                ",【2023北影节】10+年后重看，没有跌出神坛反而更能理解“自由”与“体制化”了。瑞德违反假释跑出境时说体会到了身为自由人的快乐，我觉得这种心情跟我每天下班拿包就跑的心情没有任何区别
Mmm,推荐,"
                    2009-10-02 23:05:33
                ",很多台词不错 喜欢这些人的表演风格 不算压抑。喜欢他在狱中逃出后 淋得淋漓透彻的那一段。 我们说 自由。少拿这两个字刺激人。。嗯哼。。。 
yunfeir,推荐,"
                    2018-01-26 17:17:28
                ",看了很感动，励志的故事
Mia,力荐,"
                    2011-08-08 22:27:43
                ","Hope is a good thing,maybe the best of things. 一个自由人怀揣着希望，开始一段漫长的旅程，伴随着未知的结局，思绪纷乱，激动不已。"
这个假了,力荐,"
                    2011-04-10 00:57:07
                ",“你不能改变这个社会，那么你就要努力的去适应它”，在这部电影看来，这句话完全是bullshit！！这是个人对于一个制度的对抗，如果它拥有最强大的集权机构，你会选择顺从，被同化，乃至尿都不敢滴出来，还是像他一般，用一把藏在圣经里面的小锤头，在二十年后，给予它致命的一击。
αρκτο?,力荐,"
                    2013-12-19 21:39:51
                ",上大学时第一次看这片，感叹米国监狱的住宿和伙食强于中国大学。
烟烟,力荐,"
                    2017-05-23 21:29:02
                ",算是越狱类题材的鼻祖了，越狱里很多情节都模仿了他～最爱电影里最后一段话，hope is good thing maybe the best of things in the world
卡卡鱼毛球一世,力荐,"
                    2012-06-10 23:11:27
                ",久仰盛名的片子太多。但并不是每部都能让人哭着笑起来。环环相扣的计划太妙了。有计划有动机也有导火索，最赞的是有个happy ending。Red是redemption的缩写，象征着身和心共同的救赎解放。Salvation lay within. 喔。Get busy living or get busy dying. 海洋木屋棋盘和一个伴儿，岂不惬意。
Light,力荐,"
                    2010-08-15 23:26:40
                ",这片子的意义对我也不同寻常，那个如噩梦般的夏天，在电影频道播放完这部后，噩梦就此完结。那时候电影内容没有心思详细体会。后来再次观看的时候这片的情节和内涵深深震撼着我。
哎哟老美人儿,力荐,"
                    2012-09-29 13:57:36
                ",以前有人告诉我，肖申克的救赎是他最爱的电影；当时懵懂，就下下来看，只觉着情节尚妙，倒也并非好至此般喜爱，更不明为何叫做“肖申克的救赎”。时隔多年，在回家的火车上，我又点开它，看到振奋，看到落泪，便又看了第三遍第四遍，关于人生绝境的自我救赎，这大概是最好的诠释了。
脆皮爱吃橙,力荐,"
                    2018-05-19 18:31:18
                ",我是大一的时候第一次看这部影片，刚开始真的很压抑了，充满了艰辛。整部影片中没有华丽的特效，没有炫酷的打斗，大部分是监狱里的人们交谈的场景，但平静中有一股力量，鼓舞人心，发人深省。在我迷茫痛苦的时候，她总能带给我平和的力量。
scstbupt,力荐,"
                    2012-08-12 04:39:24
                ",如果你不是看了影评而来观看这部电影，完全不去猜测结局会是怎样，而只是随着剧情的发展而来，你才会被影片最后部分的高潮所震撼，也才能真正体会到希望的伟大和人性的光辉。而影片最终告诉我们的也不是发生在肖申克的救赎，而是关于我们每个人的救赎，随着时间的流逝，你是否还能坚持自己最初的梦想
LoCo,力荐,"
                    2010-02-22 10:43:30
                ","Fear can hold you prisoner, hope can set you free. A strong man can save himself, a great man can save another."
Amelie,力荐,"
                    2013-01-26 01:12:18
                ",真正的监狱其实在人的心里 我们日复一日 划地为牢 而总有那么一些鸟儿是无法被关住的 它们有着那样光亮的羽毛 它们总能够冲出困境 飞向它们向往的自由 它们是无法被圈禁的灵魂
简俗俗,力荐,"
                    2009-07-28 16:21:04
                ",人总是要做点什么；既然走出来了，就再走的远一点吧；希望是美好的东西，也许是最美好的东西。恐惧让你沦为囚犯，希望让你重获自由。
小奈小西,推荐,"
                    2017-05-31 11:33:29
                ",影史第一的电影并不是说带给我有多震撼，而更多的带给我的是思考。体制化，这个词语在电影看完之后久久不能散去我的脑海中。参加工作初期我有多么痛恨体制化，现在的我却因为家庭、父母各种原因没有勇气辞去工作追求当年口中的自由。
O_O,力荐,"
                    2010-09-05 00:07:20
                ","Hope is a good thing,maybe the best of things,and no good thing ever dies"
皮控,推荐,"
                    2010-08-18 17:05:14
                ",其实这片很扯淡，是一个关于美国小资的臆想，话说结尾老黑在沙滩与小白相会，我第一反应的，这俩是一对老玻璃
Andrea,力荐,"
                    2018-02-23 18:58:18
                ",不知道看多少遍了，年纪越长越能体会到更多的东西，因为它讲了别人都不愿意讲述的东西。被禁锢之下的时间，你会如何度过你的人生？当你知道自己所经受的苦难都是可以避免的时候，你又会做出怎样的选择？
LeO,力荐,"
                    2012-06-19 09:54:27
                ",第一次看这个是在大学的英语课上，他有个很俗的名字叫《刺激1995》，一开始的压抑几乎让人不想继续看下去，但是最后的升华会直透我们的内心。Hope is always a good thing.
朱大侠。,力荐,"
                    2011-05-01 12:55:43
                ",有的人的羽翼是如此光辉，即使世界上最黑暗的牢狱，也无法长久地将他围困。片中有个乌鸦，我觉得他和安迪一样，虽然身陷囹圄，依然能够自由的飞向天空。 经典就是经典。
豆友151603068,力荐,"
                    2023-03-24 21:55:07
                ",知识改变命运，永远保持希望，对自由的渴望，对他人的善良
WR-400,力荐,"
                    2022-06-23 20:19:28
                ",重温肖申克的救赎，小时候一直觉得这只是一个很普通的励志故事，成年以后发现世界就是巨大的监狱，人均囚犯，一个人知道自己为了什么而活就可以忍受任何一种生活。
小雯雯,还行,"
                    2017-04-30 13:06:33
                ",肖申克的救赎，救赎的是人的身体还是人的灵魂？
只桃子,力荐,"
                    2014-02-03 23:33:06
                ",2月1号重煲。希望信念你缺少哪一样 又坚持了哪一样？-----记之前短评：首先说一句 我爱我出生的这一年 这年出产了不少世人口中流传的经典好电影！然后 我爱半夜 一个人窝在被窝无打扰的状态下看电影 尤其是这样的好电影！在有生之年 别再幻想了 抱有希望的活好每天吧 起码我算自由的
贝姆里奇,力荐,"
                    2007-02-04 11:30:27
                ",这部电影之所以能得到这么高的评价~~因为它雅俗共赏~这个是最难的品质~~也是其他电影所不具备的东西~~~现在想看这样一部电影真的是太难了~~~
老羊,力荐,"
                    2016-11-06 02:36:01
                ",高墙如人生，很多时候虽努力依然不可逾越，画地为牢，如何才能更好生存，反而成了当务之急，慢慢更演变为生活之全部！这就像是从学校毕业踏入社会，历历现实，谁可逾越？倒是选择泰然处之者芸芸，即便真相总是在高墙后面，在石头底下的盒子中....
鱼,力荐,"
                    2011-02-19 10:49:13
                ",我有梦想，但是从来不会提起，因为我那强大的梦想能让我战胜一切，而且不需要被你们证明。
Cindys,力荐,"
                    2017-09-05 00:00:01
                ",即便是几年后重温，仍旧忍不住疯狂为这部里程碑电影打call。Brooks was here……这是“体制化人”的最后呐喊，然而于我们自己而言又有多少人不是温水里的青蛙？去体制化，给自己的思想去体制化，是我们仍然年轻的年纪，当前最该做的。
stknight,力荐,"
                    2010-02-05 15:14:05
                ",各大榜单排行榜这部电影都能排到第一，感觉还是有点被高估。其实相对于这部电影我还是更喜欢原著一些。
一颗小白菜菜,力荐,"
                    2010-11-24 22:47:56
                ",我很惭愧这么迟才把这么好的一部片子点出来。。= =+之前看了无数次他的名字，没一次点开。。b4自己..这觉得是部无论什么时候看来都相当好的片子！
独行侠杀手阿何,推荐,"
                    2012-05-28 00:03:21
                ",希望就衍于你心，再坚牢的石墙也囚禁不住。只要心怀希望，你就是一名自由之人。
dancelu,力荐,"
                    2012-09-21 20:19:05
                ",我居然现在才看。好的电影不随时光褪色。实在是太好的电影了。梦里不知身是客。
已注销,力荐,"
                    2009-03-14 01:20:02
                ",为了自由，隐忍，坚持，最终终于是飞出牢笼。有一种鸟天生不适合笼子。我们都是这种鸟，追求自由的翅膀在不甘心中带我们飞离牢笼。然而成功所需要的是坚持坚持再坚持。为了理想，一切都值。
dy,推荐,"
                    2006-05-20 23:26:35
                ",边看边忍不住想，外面只是个更大的监狱。。不论在哪，尽力做好自己想做的，哪怕花一生。其它的，顺其自然，随遇而安。呵呵，我又跑题了呵。看到最后十分钟时，有丝暖意升起。
Stella,力荐,"
                    2010-04-02 20:50:16
                ","经典老片。~Hope is a good thing,maybe the best of things,and no good thing ever dies.希望是件好东西，也许是世上最好的东西．好东西从来不会流逝．"
入,力荐,"
                    2013-05-13 03:03:35
                ",总是有很多电影，因为敬畏，我一直没有看过。将近20年过去了，无人撼动的经典。我从来没有吃过真正的苦头，从来没有施展出真正的智慧，也活该从来没有真正拥有过希望。
寻萝卜,推荐,"
                    2008-02-22 17:49:59
                ", 美国式的起承转合，美国式的男人友谊，美国式的宗教思想，美国式的人性刻画，美国式离奇又意味深长的团圆结局。美式口味吃惯了，快感就打了折。尤其是那个阳光海岸的结局，得确是豁然开朗了，可是灿烂得有种跳脱了影片的别扭。
木言,力荐,"
                    2009-08-15 01:03:32
                ",通宵看完了小f在按耐不住，又^了遍影，依然震撼。。。。。。看完@部影，或S你θ松又有另外一N感悟。我喜gY局r的那鼍埃蔚{色的太平洋，L霜的男人，一段往事。。。。而我看的s是希望。。。。。。。。
奔跑忘记忧伤,力荐,"
                    2015-07-02 13:46:12
                ",关于希望，关于坚持，每个人都需要肖申克式的救赎。
小石头,力荐,"
                    2016-09-17 09:55:34
                ",当年最喜欢的电影。浪漫英雄主义情怀虽然老旧，永不过时。最喜欢的还是放歌剧那一段。
seabisuit,力荐,"
                    2014-07-27 21:57:17
                ",初看时是张不起眼的刺激1995VCD，觉得越狱好牛，后来不知怎的这片就火了应该缘起IMDb，他可能不是大多影迷心中的第一，但平均分确实最高，精装DVD和资料馆重看，每回都有收获，好多形容词都能用来评价他，几乎涵盖除了男女爱情所有基本元素。如果只看一部电影选他最合适，因为真到了那时希望是最需要的
[已注销],力荐,"
                    2012-09-03 16:47:42
                ",Fear can hold you a prisoner. Hope can set you free.
仙女蕊,力荐,"
                    2012-04-17 18:51:35
                ",越是经典的片总是想等到最后看，如今看完电影我也知道了为什么这样的电影会屹立不倒，因为通过电影我们每个人可以更好的认识自己，了解人生。最后突然觉得会计那个时候就很流行了，渐渐对自己的专业喜欢了。
manjusaka,力荐,"
                    2011-07-08 17:19:48
                ",　I guess it comes down to a simple choice: get busy living or get busy dying. 
我拿牛奶沏咖啡,力荐,"
                    2007-06-12 21:32:21
                ",在某一次的英语课上看的，但是之后好像又看过两三次~ 真没想到居然有这么聪明的人~一个人为了自由，为了自己应得的一种生活需要付出多少代价？？！
烟雨弥漫虚弥境,还行,"
                    2012-04-29 11:07:58
                ",Brooks 得到了身体的自由，灵魂却已经被无可挽回地体制化。他终于没有能够摆脱对自由无法适应的困境，悬梁自尽。而睿智如 Red，在出狱之后也悲哀地发现，自己竟然连撒尿都要向经理报告，否则一滴尿都挤不出来。他也考虑如何违规以便回到监狱，甚至考虑与 Brooks 一样离开。 
无能狂怒人,力荐,"
                    2010-05-10 05:39:27
                ",Fear can hold you prisoner. Hope can set you free.
somnambuleNRR6,力荐,"
                    2010-07-28 18:14:35
                ",当安迪终于爬完整整五个足球场大小的下水管道，在雷电骤雨中撕扯囚衣双手拥抱自由的雨水时，我的身体沸腾了，那一刹那，我也想追随安迪……
板砖破武术,力荐,"
                    2014-02-24 13:13:40
                ",如果没有美国梦一样阿甘，他会站在奥斯卡的舞台上，其实他可以比阿甘高0.5分。
猫,力荐,"
                    2011-01-20 23:30:10
                ",看过2次还是3次了？  经典名片，imdb 排名1-2 的片子  很可惜，一开始还没看就被人剧透了
冬贝与9-13刺青,力荐,"
                    2008-01-02 13:05:50
                ",不愧是经典 看完后 有鼓力量油然而生片中有个乌鸦 我总觉得他和安迪一样 虽然身陷囹圄 依然能够自由的飞向天空 
张星翰,力荐,"
                    2020-03-10 02:41:10
                ",我们所生活的世界里没有这类友谊，但狩猎者们有。他们的社会里没有抑郁，也不会有殴打儿童的事情发生，这是今天的社会才有的事。所以，在一个不协调或者不快乐的世界里，应该如何寻找生命的意义？今天我讲的很多内容都十分残忍，但我仍然认为它会让你成为一个更加幸福的人。如果你能理解我说的，你能理解这个世界并不适合我们，你也许能够在自己的生活中克服这一切。我个人相信的是，我们是宇宙的神经末梢，我不仅仅是以个人身份扮演自我的角色，我是宇宙本身，因为我创造了宇宙。我是宇宙的眼细胞、耳细胞、脑细胞。这是一个很酷的信念，甚至有一点傲慢。
aloafofloaf,力荐,"
                    2017-03-18 21:30:01
                ",对于主角的各种设计各种用心最后成功越狱，让人激动又佩服。尤其喜欢"Some birds aren't meant to be caged"这句话
愚公,力荐,"
                    2008-09-05 23:34:17
                ",巨大的隐喻，关于美国的自由到底是真实还是虚假的讨论！
蒙东蛙王。,力荐,"
                    2012-02-03 12:38:56
                ",这俩人就差在海边亲一口了~PS：看这电影令我错过了中饭   电话还是要拿去修的 ~
我lu不会飞,力荐,"
                    2017-02-13 21:50:49
                ",每次看都有不同的感受，这便是经典！
鱼,力荐,"
                    2008-10-17 12:55:38
                ","悲惨的时候时常想起安迪.地狱里都爬出来了. 你和他比,你的痛苦什么也不是.  you must be fight!"
AEIOU,力荐,"
                    2011-10-09 12:14:33
                ",两个主角就不说了 经典 看过两遍 值得收藏| 严重怀疑我之前的两遍都没有看懂这部。感动的看着他努力建立监狱图书馆，6年不间断的每星期一封信到后来的两封，Brooks出狱时的绝望和最后自杀前还把衣服叠整齐，Red从认命都开始相信hope，小混混被监狱长杀死，最后的结局。感慨。。值得一看再看！
流光溢彩`,力荐,"
                    2017-01-01 20:46:59
                ",故事本身就足以震撼，而内核更是让人倍叹醍醐灌顶，一种从未有过的心灵洗涤！“希望是件好事，也许人间至善，善良之事永不消逝！”经典台词无数。出狱后雨中咆哮那场戏配合海报足以名垂青史。利用体制赢得自由，还是服从体制畏惧自由？然而最伟大的地方在于，安迪在为自己争取自由的同时也帮助狱友瑞德获得了救赎！
霰,力荐,"
                    2008-09-01 16:57:34
                ",OK，当一个人总觉得希望是最重要的东西时，他就有无限的可能性。当看见那海报后长长的洞，谁会不被安迪感动呢101001再看，身上发麻了好多次。希望是人间至善，但多少人能突破体制相信自己的执着，太震撼了。这样的人这样的意识的存在，就是一种意义。
蝶舞天涯,推荐,"
                    2016-12-28 15:56:47
                ",这个片子最触动我的是那个黑人。坐了几十年的牢，早已习惯了监狱里的一切。而当他被释放出狱，他无法找到自己，也无法在社会立足，出狱后，他反而选择结束生命！特别让人深思！也看到了人性！
来福胶泥,力荐,"
                    2011-03-04 14:19:35
                ","hope is a good thing，maybe the best of things, and no good thing ever dies,时隔多年重看还是感慨，那种冤屈入狱冷静求生，为狱友谋福利，共同成长直至重获新生，一场策划了19年的越狱，andy牛逼！你值得蔚蓝的太平洋，你值得这自由！2020.3.21"
Jon,力荐,"
                    2009-04-08 11:21:25
                ","It takes a strong man to save himself, and a great man to save another."
atmosphere,推荐,"
                    2011-11-30 22:09:03
                ",institutionalization!!!! Hope is a good thing!!!
ER???.???就这样怎么着,力荐,"
                    2008-08-03 11:33:55
                ",08年第一次看 希望  .2017年看的第二次 依旧感动到不行 我们被生活禁锢在无形的牢笼 所谓自由 却是无数条条框框下的身不由己。我们不曾自由。心里的枷锁 现实的框架下 不曾鼓足勇气展望远方
五月.,推荐,"
                    2011-02-12 15:56:47
                ","You know some birds are not meant to be caged, their feathers are just too bright."
往事如烟,力荐,"
                    2010-01-27 11:44:28
                ",Red 说，希望是危险的东西，是精神苦闷的根源。重重挤压之下的牢狱里呆了三十年的他的确有资格这么说。因为从进来的那一天起，狱长就说过，“把灵魂交给上帝，把身体交给我。”　　 　然而 Andy 告诉他，“记住，希望是好事――甚至也许是人间至善。而美好的事永不消失。” 
五月丸子,力荐,"
                    2013-12-17 14:41:20
                ","文艺一点的总结：You see hope, then there is hope. 2B一点的总结：知识就是力量！能带给人最大震撼的永远是时间，和飞越疯人院比我明显更倾向于这类型的片子，不自由毋宁死，但绝不是这里。救赎这个词用得太妙，对自己，对Redding，对监狱里的所有人，或许……可能也包括监狱长吧。"
多倍体奶牛,力荐,"
                    2009-05-23 01:45:22
                ","虽然社会一直在进步了，但还是有不尽人意之处，每个时代都有着其反人性的部分。在我看来，片中的监狱就是个地狱（囚犯和狱警）,虽然充满暴力、阴谋、私欲，但并不像其他片中大肆宣扬不和谐的成分,而是突出了在这么丑恶的现实面前,人性至善的地方,人们的友爱以及对自由美好生活希望。I hope...I hope..心灵一直仍然在颤抖，私利真的会磨灭人性！斯非吾欲也！"
Zeki,力荐,"
                    2009-10-06 20:32:14
                ",除了震撼以外，还有一丝无奈的感觉~“适应”一词多是褒义，但“适应”某种捆绑后的自由，居然令人不知所措……
Mark,力荐,"
                    2009-07-10 20:01:51
                ",我好像是看完@才_始看越z的吧，後磉@刹科我都凵狭......
w,力荐,"
                    2012-05-16 18:33:58
                ",理性的思维，坚持的毅力。希望必须存在人们心中。大学的时候老师要我们看嫌太过沉重不愿触及。现在沉下心来看，过程灰暗，却让人明白许多道理。在这样经典的影片面前，言语有些笨拙，不知如何形容里面的人性，记录一下就好了
阿蚊,力荐,"
                    2012-08-12 23:31:03
                ",对人生梦想噶不断追求，还有对自由噶渴望，不放弃，不抛弃，这种精神可以激励一代人~《The Shawshank Redemption》第一套令我进入电影坑的戏。
XL,力荐,"
                    2012-08-12 13:37:48
                ",“有的人的羽翼是如此光辉，即使世界上最黑暗的牢狱，也无法长久地将他围困！”男人必看经典励志高分影片！每当现实令我疲惫得产生无力感，翻出这部电影，就会重获力量。
kid,力荐,"
                    2009-05-31 23:47:18
                ",无冕之王，影片本身经典和品质都毋庸置疑。不过在imdb和豆瓣都高居榜首还是稍感不解
悉,力荐,"
                    2010-07-29 11:30:24
                ",". First you hate them, then you get used to them. Enough time passed, you depend on them."
全民娱乐时代,力荐,"
                    2013-03-12 19:36:17
                ",好吧，真是一拖再拖到现在才把它看掉，没看之前不知道剧情内容以为是何等神作。虽然剧情没怎么吸引我，但主人公的坚持与执着还是打动了我，也许这就是信念的力量吧。豆瓣上的第一神剧，已阅。
大吉岭半脱脂,力荐,"
                    2017-08-08 07:10:36
                ",很好奇导演是如何面对自己这部“霸占所有电影榜单榜首”的作品的
summermike,力荐,"
                    2011-04-28 10:54:27
                ",高智商的男人惹不起！！！Andy太帕耍。。±喜技偈秃蟛幌肮咄饷娴纳缁 毕竟在监狱里呆了50年 自杀 可以想象。后来Red假释出来 幸好有Andy给他的希望 不然在狱中40年的Red也很有可能步老布的后尘。花了20年逃出去 还摆了坏人一道 真的狠牛。。
仙仙美代子,力荐,"
                    2017-03-15 22:10:13
                ",还看！我喜欢的电影
H.W.X,力荐,"
                    2009-12-31 18:24:13
                ",好电影不一定要酷，不一定要制作规模超级大，不一定要节奏快，不一定要・・・・・太多了，一部好电影
苏彦明,力荐,"
                    2015-12-01 14:24:13
                ",我已经忘了是第几遍看了，从不知该怎么评价。我想，这回它提醒我，好故事之外，还需要另一些吸引人的东西。
[R^?,推荐,"
                    2009-03-31 10:09:37
                ",https://www.douban.com/people/hitchitsch/status/1931575922/
tiny不美也不傻,力荐,"
                    2010-03-22 23:58:24
                ",很遗憾现在才看着经典的影片，可却不得不说选了一个最佳时机，真的是有什么过不去的呢，只要自己是对的，只要坚信自己能做到，即使这里倒霉，被黑，我还是总会找到自己的定位的，是该走出来的时候了。get busy living or get basy daying 
M. Lemon,力荐,"
                    2007-12-30 15:51:18
                ","Hope is a good thing,maybe the best of things,and no good thing even dies."
古怪因子,力荐,"
                    2010-06-11 23:58:01
                ",get busy living or get busy dying我下半辈子也去开个店得了140727重看
luer..一串字母,力荐,"
                    2019-07-09 02:06:51
                ",忘记了第一次看这部电影是什么时候，其实一直对其印象不太深，总是在我还未获得“freeman”身份的时候吧。多年后重看，恍惚觉得伟大的作品常常会有相似的内核。人生不过是层层嵌套的围城，不得不不断地做出选择，自由在远方时最令人神往，而当你看到命运的大门上插着的钥匙时，却往往不敢去转动它。人不敢做出改变，不愿自己做选择，亚隆说做出选择意味着你亲手杀死了其他所有可能的自己，自由是沉重的，希望令人恐惧。这种沉重与恐惧，是托马斯曼的魔山，是卡夫卡的城堡，甚至也是，卧虎藏龙里玉娇龙的纵身一跳。而现实令人鼓舞的一面可能是，你并不需要是一只很特别的鸟，才有权享有自由，你也不需要爬那段500码的屎尿下水道，但很多个孤独的夜，你不妨做好准备去面对它。
巧克力穆森,力荐,"
                    2012-01-06 23:24:54
                ",这是属于自由的灵魂。没有什么能将其拘禁，没有什么能将其挫败。无论他身居何处，他都能改变环境，而不是被环境改变。
Lucky Lee,力荐,"
                    2022-04-06 18:37:13
                ",  监狱里的高墙实在是很有趣。刚入狱的时候，你痛恨周围的高墙；慢慢地，你习惯了生活在其中；最终你会发现自己不得不依靠它而生存。这就是体制化。每个人都画地为牢，生活在里面。即使痛恨着、挣扎着、想要摆脱着，其实我们也享受着、经营着、离不开了。有的人离开牢笼后无法生活，有的人浑身长满了自由的羽毛，即使在牢笼里也不忘雕琢打磨使其不断灯丰盈。我最近陷在一个怪圈里无法自我解脱，企图通过一些可笑的伎俩来转移。但是在无爱无声无时间的世界里，什么都是徒劳。如果自我和解，就能活下去。
firstfq,力荐,"
                    2011-07-04 22:46:44
                ","hope is a good thing, may be the best of them... 当年被阿甘的风头打下去 时间沉淀为经典第一"
momo,力荐,"
                    2020-12-26 22:21:55
                ",最喜欢安迪开着粉色敞篷车驶向阳光那一幕
似是故人来,力荐,"
                    2008-06-07 23:55:32
                ",体制使你变得僵化，先是不适应，后来慢慢适应，然后你会发现你已经习惯这个体制，再也离不开它了。老布就是这个体制的牺牲品，最后他选择了上吊自杀。本片讲述的是一个自我救赎的故事，不是在体制中沉沦，就是在体制中爆发。坚持不懈、持之以恒，总将获救！
kidpt,力荐,"
                    2011-01-09 08:21:13
                ",历经剧透依然能够鼓舞人心的伟大影片 希望 执著 信念 人生中永不消逝的美好事物 还有末尾的Zihuatanejo 和那片没有记忆的湛蓝的温暖的海洋
Kou,力荐,"
                    2007-05-03 23:13:53
                ","Hope is a good thing, maybe the best of things, and no good thing ever dies."
_Esperanza__,推荐,"
                    2014-02-28 02:19:33
                ",好像对于无助的老人这一形象画面的表现力大于文字。其他的话，其实比原著要差。
大蓝。,力荐,"
                    2009-04-05 21:58:53
                ",“圣娜达卢”―――墨西哥附近，太平洋中的一个小地方。“可知墨西哥人怎样形容太平洋吗？‘没有回忆的地方’，温暖而无回忆的地方，那将是我度过余生之地。” 
Horrypure,力荐,"
                    2018-05-19 19:30:09
                ",真是一部令人深思的电影，我们班主任也老早叫我们去看了。描写了许许多多的人性，真的不愧为电影界标杆
maggie_ma,力荐,"
                    2012-03-09 14:48:08
                ",终于看完这部豆瓣网排第一的片子了。很不错。最关键的一个词hope。最后那个拥抱很感人。这部电影告诉我，不管前面的路有多难，坚持下去，就会有希望。当你选择一条不寻常的路时，也许周围的人会反对，劝阻，但最终的路还是自己走出来的。
Crazy Wen,力荐,"
                    2010-03-08 22:40:47
                ",比原著小说更会说故事~向我们展示希望的不灭，经典中的经典。。
Eudaemonia,力荐,"
                    2008-01-24 20:13:29
                ",觉得此片好的人一般是：1、思考过存在意义（也许只是想过为什么活着这一命题）的人；2、思索过信仰、宗教、人与神关系的人；3、有耐心读完整本书（非网络文学），并对未知事物有好奇心，遇到迷题有探索冲动的人；4、处事过程并不完全靠直觉，而是尝试简单推理的人；5、无论表面如何阳光，内
YOUNG LEE,力荐,"
                    2010-12-26 11:54:09
                ","Hope is a good thing,maybe the best of things,and no good thing ever dies. "
青儿,力荐,"
                    2009-08-03 19:26:18
                ","Shawshank,a bussness man in the world war 2,he find the humanlity through the gemany army's killing for jew,he is a hero for saving jew"
小唯,力荐,"
                    2011-02-27 01:11:35
                ",Some birds are not meant to be caged.Their feathers are just too bright.
V_Lachesis,力荐,"
                    2011-05-31 17:18:44
                ","A legend of a hell escaper, never institutionalized but always as an individual, who keeps releasing the power of hope. "
79,力荐,"
                    2007-08-16 12:54:24
                ",故事发生在1947年，银行家安迪被指控枪杀了妻子及其情人，被判无期徙刑，这意味着他将在肖恩克监狱中渡过余生。 　　 阿瑞1927年因谋杀罪被判无期徙刑，数次假释都未获成功。他现在已经成为肖恩克监狱中的“权威人物”，只要你付得起钱，他几乎有办法搞到任何你想要的东西：香烟，糖果，酒，甚至是大麻。每当有新囚犯来的时候，大家就赌谁会在第一个夜晚哭泣。阿瑞认为弱不禁风、书生气时足的安迪一定会哭，结果安迪的沉默使他输掉了四包烟。但同时也使阿瑞对他另眼相看。 　　 好长时间以来，安迪不和任何人接触，在大家报怨的
微千葵,推荐,"
                    2011-04-05 15:18:29
                ",同学推荐，才开始勉强在看 我只得说 前面的沉闷全是为了最后30分钟做伏笔 最后太精彩
PLAYTOY,力荐,"
                    2009-08-04 19:50:21
                ","真的是经典…看过小说所以知道大致情节，不然会是怎样的震撼…即使这样，还是有很多感人或震撼或沉重的情节，经典台词不胜枚举，经典桥段数不胜数…结局和原著不同，延续到两人重聚的镜头，虽然没有原著的结局开放，却是整部影片唯一的温暖色调~这片子已经被夸到烂了，但还是……经典~~~Some birds aren't meant to be caged, that's all. Their feathers are just too bright."
PSG粉保护协会,力荐,"
                    2023-04-24 21:08:41
                ",90/100这是一个独特的切面，这是一部很美国的片，逼真地展示了监狱生活和其下的人物，情节则是跌宕起伏，前后呼应和情绪释放让人大呼过瘾；不同的人有不同的选择，有关人生，光荣与梦想...他们是三代人，但影片其实没有过多展开时代背景，而且着眼于选择，有关自由的追求和“人生价值”――多个维度的饱满让它成为了经久不衰的影史佳作；从新英格兰到德克萨斯，这其实也是帝国一步一步崛起的故事，创作者们足够“温情”，把故事停留在了60年代，最梦幻的年代，一切都充满美好、自由与希望
臻圣,力荐,"
                    2018-11-20 19:14:01
                ",＃2023 BJIFF#屋顶喝啤酒的牢犯感激着安迪的恩赐，女明星海报不断更替隐藏着惊天的秘密。囚笼桎梏不住坚毅的灵魂，圣经救赎不了贪婪的欲望，安迪不止渴望洗刷冤屈，更是想拼命追求夺回人生的权利。爬过污水，涤尽罪恶，终于在大洋彼岸重获重生。
ii,力荐,"
                    2011-01-15 14:37:25
                ",hope is a good thing， maybe the best of things
昊月明霜,推荐,"
                    2011-12-20 12:55:36
                ",很不错，很震撼心灵。但是它太好了，所以嫉妒的只给4星。另：个人认为谨慎17年andy不该在最后冒险穿一双新皮鞋从典狱长办公室回到牢房。
可爱没有脑袋,力荐,"
                    2016-12-27 19:50:22
                ",希望，是这个故事给予人们最大的美好。在最后看到那片蓝色大海顿时真的令人感动得想哭啊，非常棒的故事。
一青啾,力荐,"
                    2016-12-31 19:35:41
                ","曾经给我最昏暗的高中时期带来了曙光，从体制化到希望到救赎，每一步都是人生的经验。和当年的对手《阿甘正传》同时看的，但《肖申克的救赎》在我心中的地位是永远的第一，Get busy living, Or get busy dying"
ありちゃん,推荐,"
                    2014-11-18 01:28:47
                ",高中时看过小说 不过觉得也就是一个中规中矩的大片 基本上大片在我这里最高也就是4星……感想是还是要掌握一技之长 这样到哪儿都饿不死=。=
drunkenstain,力荐,"
                    2009-11-25 20:39:53
                ",最精彩的是安迪自我救赎部分，很励志，鼓励人最不能失去的是希望，“不然就真的被着黑暗社会改造了
塔拉胡,推荐,"
                    2018-12-08 02:15:22
                ",「监狱里的高墙实在是很有趣。刚入狱的时候，你痛恨周围的高墙；慢慢地，你习惯了生活在其中；最终你会发现自己不得不依靠它而生存。」好莱坞电影的母题，自由与英雄主义。
小月丰er,力荐,"
                    2010-02-11 23:01:27
                ",电影是很好的，但总的来说我认为应该是好在了故事里的精心布局到最后出人意料的结局，而不是整个片子的各个方面。不管怎么说，还是激动人心的，应该得到五星
十一,力荐,"
                    2016-12-18 14:54:25
                ",还是要靠自己
Dreamer-Echo,力荐,"
                    2009-08-23 21:34:07
                ",看这部电影的时候 还是两张碟版的vcd 情节却让人过目不忘 且不断回味 可算是 神作 了
天外飞梨,推荐,"
                    2017-04-03 07:05:04
                ",坚强的人只能救赎自己，伟大的人才能拯救他人。
无敌的我 @ 头发快点长,推荐,"
                    2015-01-22 12:56:39
                ",我只是想说，学好一门技能是多么重要啊T.T无论你是被关小黑屋了还是越狱了。。"Brook was here" "So was Ned" 虽然Andy并没“到此一游过”，3人代表了3种对“希望”的态度，Ned成为了Brook和Andy的平衡点，大多数人都是Ned一样的普通人，对希望既有绝望的时候，又有绝地逢生的时候。
悲哀的亡灵,推荐,"
                    2013-10-17 20:24:29
                ",谁也不会否认本片的优秀，可我就是认为本片是最名过其实的电影之一
16MAX,力荐,"
                    2011-06-08 02:40:24
                ","""Keep busy living ,or get busy dying.""  !!!"
Woicon,力荐,"
                    2012-01-07 02:02:41
                ",他有一种闲庭信步的优雅，无论他身居何处。那是一种自我的信念，让所有外界添加的一切变得微不足道。
2006-03-19加入,力荐,"
                    2012-05-23 14:32:07
                ",没想到是斯蒂芬・金的片子！
TOWNE,推荐,"
                    2012-01-27 15:55:41
                ",“Fear can hold you prisoner，hope can set you free。”
听风是雨,力荐,"
                    2018-02-25 23:10:00
                ",看的时候其实还小，你说看出啥内涵的东西真的没有，但是看的时候很爽就给个五星吧，我就是如此肤浅！
halrepublic,很差,"
                    2014-08-08 03:20:47
                ",肖申克的救赎火的奇怪，就像曼德拉的死亡一样，莫名其妙就火了。这电影糟糕的就像汤姆大叔的小屋，充满了刻意，飘中曾经以南方人的口吻讽刺这本“著作”。肖申克的救赎，救赎，redemption，redemption，有没有点某“闪人”宗教意味？
Tweezlexhkdhj,力荐,"
                    2011-11-19 22:31:22
                ",当时 是和我爸 我弟一起看的 直看到半夜 被震撼了好久好久~
Jane,力荐,"
                    2011-05-20 07:35:30
                ",1。知识就是力量2。电影名字让我这么多年都提不起兴趣看。。。
汤圆,力荐,"
                    2011-11-18 18:17:54
                ",本人最爱的电影，注意，是最，没有之一。至少看过5遍，看着画面我几乎能背台词。每当失望、绝望、想放弃、觉得自己很苦逼很悲催的时候，我总会想到这部电影，也总会想到安迪，于是又重新振作起来。感谢这部电影，不知多少次伴我坦然面对一切的不顺。
丽塔,力荐,"
                    2009-03-07 00:50:35
                ",因为看了这部，觉得就没必要看《越狱》了。老觉得《越狱》肯定会让我失望的。
C.,力荐,"
                    2010-12-18 20:25:36
                ",这是对于“希望”与“勇气”的最好诠释。这个社会就是个Shawshank Prison，我们已经被驯化了，按时工作、生活、睡觉、听从指示…… 我们也无从知道这堵高墙外面是什么了。       每年看一次，每次都会有新的体会。
Matzka,力荐,"
                    2009-08-08 15:20:22
                ",很久很久以前看的 大概是03还是04年 非常喜欢 那时还没有越狱电视版 唯一想说的是由于电视版越狱的商业价值的成功 人们才把这部电影拿出台面来看让我非常失望 希望真正爱看电影的人好好享受这部作品 不要拿它和越狱比较
小核桃,力荐,"
                    2006-06-20 15:17:14
                ","no matter what's wrong,happy ending..."
薇_尼卡,力荐,"
                    2006-02-04 23:50:27
                ",很棒的片子，演员好，编剧好，没的说。
打道,力荐,"
                    2009-09-07 10:07:44
                ",前面也许看着有点沉闷，但是当你坚持看完之后你才会发现，哇，多么优美的一部电影啊
U Thant,力荐,"
                    2011-04-15 14:19:13
                ",一部看了之后就一直想看下去的电影 监狱这个可怕的地方 可以改变人类的性情 不能出来的人 想方设法的想要获得自由 逃离这个地方 而能够离开的人 却无法再适应外面的生活 不知道自己还能做什么 这就是人性的矛盾所在 
^期Z,力荐,"
                    2020-01-23 17:50:04
                ",他被困在后悔和自责的囚笼中，却一直没有放弃寻找解脱之道。这正是我应该学习的地方，不然等到那个告诉我无罪的声音叫醒我时，想逃也逃不出去了。
天上掉下夏洛克,还行,"
                    2018-09-15 22:11:26
                ",好看的，我也非常喜欢。但过誉了。――高二班主任在班上放，又看了一遍。从头至尾的高饱和度的旁白，使观者处在事件之外的位置，过分冷静，不是最合适的叙事角度。一整场满满的符号称得上妙绝，仅仅在与国内教育制度关联时，就能产生许多本土的、私人的解读，显示出其普通性，这大概是其誉满内地的原因。与《大红灯笼高高挂》相反，这是个体抵抗制度的驯服并反将制度摧毁的fairytale，可以对比来看东西方人生观念的差异。比较其他方面的中规中矩，想给予剧本（文本太好）最多的赞赏。重看减分。
工口君,力荐,"
                    2011-12-10 14:06:28
                ",起初你讨厌它（监狱），然后你逐渐习惯它，足够的时间后你开始依赖它，这就是体制化.
想我说yes,力荐,"
                    2011-07-05 10:43:40
                ",很励志的电影，其中也有浓浓的温情。但是我感觉 在我心中 教父 才是最经典的
杜鹏,推荐,"
                    2014-11-23 00:58:37
                ",现在觉得这样的片子也就是适合小孩子看 尽管是好片子
那山那云那月,力荐,"
                    2011-07-17 20:42:40
                ","Red reading a note left by Andy: Remember, Red, hope is good thing, mabye the best of things. And no good thing ever dies."
熊,力荐,"
                    2007-06-30 00:04:56
                ",Get busy living， or get busy dying.Some birds aren't meant to be caged. Their feathers are just too bright.
teamoon,推荐,"
                    2018-01-05 23:53:16
                ",为数不多的几部不论看多少遍都不会快进的经典，每一个细节都充满惊喜
否定先森,力荐,"
                    2012-09-03 11:33:16
                ",面对如此惨淡的人生需要万分的勇气和毅力，突然想到一句话，成功的人都是孤独的，但有颗强大的内心，纵使前途万般苦难，总有希望在指引着自己前进！不被所谓的“体制化”所改变，否则即便脱离了体制化的环境也摆脱不了内心的脆弱。
z先森,力荐,"
                    2011-01-03 16:34:44
                ",当看到安迪跟red说起自己如果出狱后想做什么时，可能我们都只当那是安迪的空想，一厢情愿的想想美好的愿望罢了，美国监狱与太平洋彼岸的自由，但结果来得很凶猛，芝华塔尼欧、海边、小船，安迪都将这些实现了。安迪在给red的信中说道，希望是好事，也许是人间至善，而美好的事永不消逝。
法爷,力荐,"
                    2009-08-31 14:09:28
                ",在绝境中 有人妥协 有人抵抗 有人看似妥协却始终不放弃内心的期望  希望、坚持与智慧让一切禁锢的东西变成推动力。人生往后，心若不死，必有蓝天。
Fionn,推荐,"
                    2010-04-03 15:43:32
                ",希望是好的。面对生活的不幸，能够勇敢地活下去本身就是一种幸，继而改变那份不幸，自我救赎。
hhj,力荐,"
                    2010-01-22 17:51:47
                ",闲来无事，又看了一遍《肖申克的救赎》，这回是国语配音的。我想为什么它在那年的奥斯卡没有斩获什么大奖。。。可能它就是照着斯蒂芬・金的小说描绘了一遍，改动也很少，如果观众先前已读过小说，就不会“刺激1995”了。
De Ajacied,推荐,"
                    2013-01-15 06:07:07
                ","Hope is a good thing, maybe the best of things. And no good thing ever dies."
天蝎小猪,力荐,"
                    2008-02-06 14:23:03
                ",希望就是一切...忙著去活！
月涩,推荐,"
                    2017-01-10 22:14:21
                ",经典中的经典！
K桑,力荐,"
                    2012-04-28 18:01:51
                ",我给满分不是因为他们获得了自由，而是这部电影本身的观念即世上无难事，只怕有心人。
xwy315,力荐,"
                    2010-10-03 02:52:53
                ",可能是推荐这部片的人太多了吧，如果有4星半就好了。
鼻哥,力荐,"
                    2013-10-03 14:50:57
                ",How beautiful Pacific ocean is! Prisons always tell people a lot. Maybe this is why directors love this topic. Also can find nothing to stick an intelligent man. Poor Brooks. But happy ending.
我不告诉你,力荐,"
                    2011-05-13 10:04:24
                ","在学校看了两遍,和同学一起把所有的台词,起承转合都讨论了一遍。片中所有出现过的每一个角色都值得人思考，在人物细节处理上做得非常成功，尽管很多桥段深入推敲就显过分完美和毫无道理可言，但丝毫不破坏主角光环下的人格魅力。只能说当一个人达到某种境界时，连老天爷都会帮他。"
品客,推荐,"
                    2007-05-19 20:05:23
                ","挺棒的,但不至于那么喜欢."
Miss,力荐,"
                    2010-07-18 00:58:45
                ",无法形容看完此片的心情 感动 喜悦 痛快 沉思...  还有一行泪流过面颊 伴随我扬起淡淡的嘴角
无忌ll,力荐,"
                    2012-09-03 18:45:15
                ",HOPE IS A GOOD THING MAYBE THE BEST OF THINGS. AND NO GOOD THING EVER DIES.
kobie,推荐,"
                    2009-02-22 15:17:08
                ",至于嘛，IMDB得分第一，豆瓣就一定是第一？15万人中77%的人打五星？
?,力荐,"
                    2022-04-05 21:03:20
                ",一直没有看这部电影因为没有等到时机，今天就是最好的时机，困于谷底，寄人篱下，小心翼翼的忍耐，忙于活着，等待闪电的夜晚。
? ? ? ? ? ?,力荐,"
                    2012-10-27 10:07:25
                ",后续好多片子的前瞻  请永远怀揣希望  哪怕自己创造
大鱼,力荐,"
                    2007-01-10 13:52:26
                ",...Hope is a good thing...Maybe  is the best of things......
一人独往,推荐,"
                    2017-04-13 14:00:48
                ",回顾那一段经典台词：“有的人的羽翼是如此光辉，即使世界上最黑暗的牢狱，也无法长久地将他围困！”
Germany,力荐,"
                    2012-01-04 01:27:30
                ",竟然忘了给这电影打分啊。。挺喜欢结局啊，所以四星啦。。大家不要盲目跟风啊。。
黑稻子,推荐,"
                    2007-01-13 14:43:50
                ",说实话，给我的震撼没有传说中那么强烈，但就电影来说，他做得已经足够多了
Icarus,力荐,"
                    2009-08-20 18:01:19
                ",这片子一定得经历了些东西才能看懂，千人眼中有千个哈姆雷特不是么安迪至少救赎了2个人倒是不错的
小乙,力荐,"
                    2010-10-15 21:25:17
                ",一直想海报这招其实监狱长自己不也用了相似的吗。另外，海报后墙里藏尸啦白夜行里的独自爬行啦某些基情啦……无聊发散= =。
